rle_4var_.001,rle_4var_.01,rle_4var_.1,rle_4var_1,rle_4var_10,rle_3var_.001,rle_3var_.01,rle_3var_.1,rle_3var_1,rle_3var_10,rle_2var_.001,rle_2var_.01,rle_2var_.1,rle_2var_1,rle_2var_10,epd_4var_.001,epd_4var_.01,epd_4var_.1,epd_4var_1,epd_4var_10,epd_3var_.001,epd_3var_.01,epd_3var_.1,epd_3var_1,epd_3var_10,epd_2var_.001,epd_2var_.01,epd_2var_.1,epd_2var_1,epd_2var_10,merge_4var_.001,merge_4var_.01,merge_4var_.1,merge_4var_1,merge_4var_10,merge_3var_.001,merge_3var_.01,merge_3var_.1,merge_3var_1,merge_3var_10,merge_2var_.001,merge_2var_.01,merge_2var_.1,merge_2var_1,merge_2var_10,sep_4var_.001,sep_4var_.01,sep_4var_.1,sep_4var_1,sep_4var_10,sep_3var_.001,sep_3var_.01,sep_3var_.1,sep_3var_1,sep_3var_10,sep_2var_.001,sep_2var_.01,sep_2var_.1,sep_2var_1,sep_2var_10,wah_4var_.001,wah_4var_.01,wah_4var_.1,wah_4var_1,wah_4var_10,wah_3var_.001,wah_3var_.01,wah_3var_.1,wah_3var_1,wah_3var_10,wah_2var_.001,wah_2var_.01,wah_2var_.1,wah_2var_1,wah_2var_10,ewah_4var_.001,ewah_4var_.01,ewah_4var_.1,ewah_4var_1,ewah_4var_10,ewah_3var_.001,ewah_3var_.01,ewah_3var_.1,ewah_3var_1,ewah_3var_10,ewah_2var_.001,ewah_2var_.01,ewah_2var_.1,ewah_2var_1,ewah_2var_10 
0,0,0,0,0,0,0,0,0,0,0,0,0,0,0,0,0,0,0,0,0,0,0,0,0,0,0,0,0,0,0,0,0,0,0,0,0,0,0,0,0,0,0,0,0,0,0,0,0,0,0,0,0,0,0,0,0,0,0,0,0,0,0,0,0,0,0,0,0,0,0,0,0,0,0,0,0,0,0,0,0,0,0,0,0,0,0,0,0,0
140.212,110.88,197.654,140.489,135.556,32.0129,85.1831,139.835,90.4995,128.699,0.00605011,0.00605011,121.648,0,166.848,113.466,94.4931,146.497,113.626,110.458,74.9135,74.9135,109.449,79.7104,98.6753,0.00605011,79.7071,93.4376,111.023,121.492,112.955,94.2939,145.884,113.02,109.974,74.9057,74.9057,109.351,79.6909,98.6323,0.00605011,79.6876,93.3946,110.789,120.746,0.000556946,0,0.000556946,0.000556946,0.000556946,0.000556946,0.000556946,0.000556946,0.000556946,0.000556946,0.000556946,0.000556946,0.000556946,0.000556946,0.000556946,96.852,64.3168,67.6059,325.537,237.792,34.9966,428.109,504.948,335.897,190.538,6.37524,27.895,24.9809,61.2817,379.25,0,32.3016,433.874,697.086,775.977,0,860.66,706.754,779.753,0,0.000556946,0.000556946,0.000556946,0,876.026
140.212,110.88,197.653,140.489,135.556,85.1831,85.1831,139.835,90.4995,128.699,32.0099,32.0099,121.648,153.695,166.847,113.466,94.4931,146.497,113.626,110.458,74.9135,74.9135,109.449,79.7104,98.6753,32.0099,79.7066,93.4371,111.023,121.492,112.954,94.2939,145.884,113.021,109.974,74.9057,74.9057,109.351,79.6909,98.6323,32.0099,79.6871,93.3941,110.789,120.746,0.000686646,0.000556946,0.000686646,0.000686646,0.000686646,0.000686646,0.000686646,0.000686646,0.000686646,0.000686646,0.000686646,0.000686646,0.000686646,0.000686646,0.000686646,176.726,109.757,131.332,670.065,495.222,73.8785,673.792,729.48,666.758,454.987,9.97098,27.895,47.6919,119.036,608.551,267.727,32.3016,463.956,712.453,794.332,21.2938,848.645,760.648,815.46,675.009,0,0,14.7469,117.051,923.651
140.212,110.88,197.653,140.489,135.556,85.1831,85.1831,139.835,90.4995,128.699,64.0387,90.4961,121.648,153.695,166.847,113.466,94.4931,146.497,113.626,110.458,74.9135,74.9135,109.449,79.7104,98.6753,66.3669,79.7066,93.4371,111.023,121.492,112.954,94.2939,145.884,113.02,109.974,74.9057,74.9057,109.351,79.6909,98.6323,64.0387,79.6871,93.3941,110.789,120.746,0.000686646,0.000686646,0.000686646,0.000686646,0.000686646,0.000686646,0.000686646,0.000686646,0.000686646,0.000686646,0.000686646,0.000686646,0.000686646,0.000686646,0.000686646,240.561,179.58,219.183,721.584,768.316,118.635,818.27,781.375,815.574,622.672,13.7822,44.7153,76.8013,142.91,885.454,251.602,46.2156,441.479,733.316,809.016,21.2938,869.267,752.758,779.291,719.153,0.000999451,0.000999451,14.7469,183.657,981.796
140.212,110.88,197.653,140.489,135.556,85.1831,85.1831,139.835,90.4995,128.699,67.0783,90.4957,121.648,153.695,166.847,113.466,94.4931,146.497,113.626,110.458,74.9135,74.9135,109.449,79.7104,98.6753,66.3664,79.7066,93.4371,111.023,121.492,112.954,94.2939,145.884,113.02,109.974,74.9057,74.9057,109.351,79.6909,98.6323,66.2642,79.6871,93.3941,110.789,120.746,0,0.000686646,0,0,0,0.000556946,0.000556946,0.000556946,0.000556946,0.000556946,0.000556946,0.000556946,0.000556946,0.000556946,0.000556946,240.561,249.569,292.459,698.573,821.003,122.124,826.351,717.026,767.066,660.398,25.0867,44.7153,93.6216,177.8,884.971,293.626,46.2156,487.768,742.734,821.657,34.3914,925.689,767.828,797.139,694.115,0.00244904,0.00244904,24.6023,179.645,1042.58
140.212,110.88,197.653,140.489,135.556,85.1831,85.1831,139.835,90.4995,128.699,67.0778,90.4957,121.648,153.695,166.847,113.466,94.4931,146.497,113.626,110.458,74.9135,74.9135,109.449,79.7104,98.6753,66.3664,79.7066,93.4371,111.023,121.492,112.954,94.2939,145.884,113.02,109.974,74.9057,74.9057,109.351,79.6909,98.6323,66.2637,79.6871,93.3941,110.789,120.746,0.00025177,0,0.00025177,0.00025177,0.00025177,0,0,0,0,0,0,0,0,0,0,277.994,249.569,387.201,715.326,797.601,122.124,833.407,725.426,775.875,656.285,25.0867,62.1996,106.102,180.753,898.608,262.481,55.6022,460.717,749.181,826.444,34.3914,922.458,769.456,806.91,735.155,0.00302887,0.00302887,24.6023,193.657,1023.64
140.212,110.88,197.653,140.489,135.556,85.1831,85.1831,139.835,90.4995,128.699,67.0778,90.4957,121.648,153.695,166.847,113.466,94.4931,146.497,113.626,110.458,74.9135,74.9135,109.449,79.7104,98.6753,66.3664,79.7066,93.4371,111.023,121.492,112.954,94.2939,145.884,113.02,109.974,74.9057,74.9057,109.351,79.6909,98.6323,66.2637,79.6871,93.3941,110.789,120.746,0.00075531,0.00025177,0.00075531,0.00075531,0.00075531,0.000190735,0.000190735,0.000190735,0.000190735,0.000190735,0.0001297,0.0001297,0.0001297,0.0001297,0.0001297,270.99,287.002,416.99,696.76,812.468,156.768,838.945,732.871,779.141,619.244,31.8913,62.1997,106.102,200.32,927.881,299.778,63.2115,511.088,767.967,844.293,49.8444,954.115,787.304,834.438,772.666,0.0350266,0.0350266,35.2819,185.403,1058.57
140.212,110.88,197.653,140.489,333.497,85.1831,85.1831,139.835,90.4995,128.699,67.0778,90.4957,121.648,153.695,166.847,113.466,94.4931,146.497,113.626,110.458,74.9135,74.9135,109.449,79.7104,98.6753,66.3664,79.7066,93.4371,111.023,121.492,112.954,94.2939,145.884,113.02,109.974,74.9057,74.9057,109.351,79.6909,98.6323,66.2637,79.6871,93.3941,110.789,120.746,0.00131226,0.00075531,0.00131226,0.00131226,0.00131226,0.000274658,0.000274658,0.000274658,0.000274658,0.000274658,0.000183105,0.000183105,0.000183105,0.000183105,0.000183105,287.479,279.998,462.139,673.914,777.031,167.272,850.547,745.254,792.422,625.316,31.8914,78.6294,124.055,197.89,917.108,269.958,70.8755,479.877,785.894,881.592,49.8444,955.873,809.904,855.246,789.705,0.0379105,0.0379105,35.2819,202.793,1085.63
140.212,110.88,197.653,140.489,333.497,85.1836,167.727,139.835,178.09,262.816,67.0778,90.4957,121.648,153.695,166.847,113.466,94.4931,146.497,113.626,110.458,74.9135,153.59,109.449,79.7104,98.6753,66.3664,79.7066,93.4371,111.023,121.492,112.954,94.2939,145.884,113.02,109.974,74.9057,74.9057,109.351,79.6909,98.6323,66.2637,79.6871,93.3941,110.789,120.746,0.00341034,0.00131226,0.00341034,0.00341034,0.00341034,0.00037384,0.00037384,0.00037384,0.00037384,0.00037384,0.00025177,0.00025177,0.00025177,0.00025177,0.00025177,318.982,296.487,455.135,680.758,786.456,160.268,847.48,746.473,795.035,623.57,27.9443,58.5777,120.555,199.644,975.835,305.048,81.0787,529.198,832.992,891.685,36.2509,958.612,845.411,881.504,804.823,0.0424881,0.0424881,46.8834,193.266,1126.39
140.212,110.88,197.653,140.489,333.497,85.1831,167.727,139.835,178.089,262.816,67.0778,90.4957,121.648,153.695,166.847,113.466,94.4931,146.497,113.626,110.458,74.9135,153.589,109.449,168.828,98.6753,66.3664,79.7066,93.4371,111.023,121.492,112.954,94.2939,145.884,113.02,109.974,74.9057,151.152,109.351,79.6909,98.6323,66.2637,79.6871,93.3941,110.789,120.746,0.00343323,0.00341034,0.00343323,0.00343323,0.00343323,0.00050354,0.00050354,0.00050354,0.00050354,0.00050354,0.000335693,0.000335693,0.000335693,0.000335693,0.000335693,304.979,327.99,451.529,688.846,787.741,125.307,853.965,734.66,782.934,635.785,27.9444,64.6012,127.555,199.199,940.577,277.653,85.1685,494.948,866.269,898.447,57.8601,995.785,871.669,873.469,818.038,0.0470657,0.0470657,46.8834,212.907,1124.4
140.212,110.88,197.653,140.489,333.497,85.1831,167.726,139.835,178.089,262.816,67.0783,90.4957,121.648,153.695,166.847,113.466,94.4931,146.497,113.626,110.458,74.9135,153.589,109.449,168.828,98.6753,66.3664,79.7066,93.4371,111.023,121.492,112.954,94.2939,145.884,113.02,109.974,74.9057,151.152,109.351,79.6909,98.6323,66.2637,79.6871,93.3941,110.789,120.746,0.00466156,0.00343323,0.00466156,0.00466156,0.00466156,0.000617981,0.000617981,0.000617981,0.000617981,0.000617981,0.000450134,0.000450134,0.000450134,0.000450134,0.000450134,293.248,313.987,462.033,684.26,790.015,163.667,841.863,755.48,789.934,642.859,31.7647,72.328,112.652,200.952,898.916,310.946,96.5004,537.631,870.597,899.232,65.3678,985.963,870.279,886.125,799.319,0.050087,0.050087,59.981,201.379,1133.2
140.212,110.88,197.653,140.489,333.497,85.1831,167.726,139.835,178.089,262.816,67.0778,90.4957,121.648,153.695,166.847,113.466,94.4931,146.497,113.626,110.458,76.6792,153.589,109.449,168.828,98.6753,66.3664,79.7066,93.4371,111.023,121.492,112.954,94.2939,145.884,113.02,274.923,74.9057,151.152,109.351,79.6909,98.6323,66.2637,79.6871,93.3941,110.789,120.746,0.0062027,0.00466156,0.0062027,0.0062027,0.0062027,0.00117493,0.00117493,0.00117493,0.00117493,0.00117493,0.00100708,0.00100708,0.00100708,0.00100708,0.00100708,300.244,302.256,434.174,702.178,811.015,174.171,852.25,796.984,782.934,658.574,32.2022,72.3281,142.789,213.159,910.588,284.641,108.387,503.331,897.769,899.478,57.9929,999.033,890.435,899.399,840.112,0.0512314,27.3641,59.981,223.625,1141.68
140.212,110.88,197.653,263.103,333.497,85.1831,167.726,139.835,178.089,262.816,67.0778,90.4957,121.648,153.695,166.847,113.466,94.4931,146.497,231.732,110.458,76.6792,153.589,109.449,168.828,98.6753,66.3664,79.7066,93.4371,111.023,121.492,112.955,94.2939,145.884,226.345,274.923,76.0424,151.152,109.351,79.6909,98.6323,66.2637,79.6871,93.3941,110.789,120.746,0.00622559,0.0062027,0.00622559,0.00622559,0.00622559,0.00173187,0.00173187,0.00173187,0.00173187,0.00173187,0.00156403,0.00156403,0.00156403,0.00156403,0.00156403,290.971,309.252,485.928,696.947,811.015,167.167,882.973,768.133,800.848,699.898,33.0772,103.512,153.293,209.659,910.37,315.899,120.859,513.233,904.617,911.724,72.9615,1011.85,891.322,918.133,822.331,6.33123,27.3641,75.4341,210.489,1161.61
140.212,110.88,197.653,263.102,333.497,82.3628,167.726,139.835,178.089,262.816,67.0778,90.4957,121.648,153.695,166.847,113.466,94.4931,146.497,231.731,110.458,76.6792,153.589,109.449,168.828,98.6753,66.3664,79.7066,93.4371,111.023,121.492,112.954,94.2939,145.884,226.345,274.923,76.0424,151.152,109.351,79.6909,98.6323,66.2637,79.6871,93.3941,110.789,120.746,0.00745392,0.00622559,0.00745392,0.00745392,0.00745392,0.00228882,0.00228882,0.00228882,0.00228882,0.00228882,0.00212097,0.00212097,0.00212097,0.00212097,0.00212097,297.967,299.979,506.928,704.002,823.425,195.171,869.008,767.508,843.031,671.348,33.0772,104.824,146.289,187.753,925.831,290.469,134.055,509.639,916.238,917.459,70.7935,1061.68,922.607,919.856,835.651,6.33123,13.7079,75.4341,236.34,1178.52
140.212,110.88,197.653,263.102,333.497,82.3628,167.727,139.835,178.089,262.816,67.0778,90.4957,121.648,153.695,166.847,113.466,94.4931,146.497,231.731,110.458,76.6792,153.589,109.449,168.828,98.6753,66.3664,79.7066,93.4371,111.023,121.492,112.954,94.2939,145.884,226.345,274.923,76.0424,151.152,109.351,166.566,98.6323,66.2637,79.6871,93.3941,110.789,120.746,0.00899506,0.00745392,0.00899506,0.00899506,0.00899506,0.00284576,0.00284576,0.00284576,0.00284576,0.00284576,0.00267792,0.00267792,0.00267792,0.00267792,0.00267792,289.104,292.975,500.064,753.459,823.034,135.069,869.035,785.168,811.211,663.422,34.8272,106.574,112.652,215.745,935.842,321.602,147.933,543.588,952.281,947.791,76.1411,1052.03,911.728,928.532,841.838,3.19144,43.864,91.934,221.442,1203.94
140.212,110.88,197.653,263.102,333.497,82.3628,167.726,221.629,178.089,262.816,67.0778,90.4957,121.648,153.695,166.847,113.466,94.4931,146.497,231.731,110.458,105.602,153.589,109.449,168.828,98.6753,66.3664,79.7066,93.4371,111.023,121.492,112.954,94.2939,145.884,226.345,274.923,76.0424,151.152,109.351,166.566,222.047,66.2637,79.6871,93.3941,110.789,120.746,0.00901794,0.00899506,0.00901794,0.00901794,0.00901794,0.00297546,0.00297546,0.00297546,0.00297546,0.00297546,0.00280762,0.00280762,0.00280762,0.00280762,0.00280762,296.1,257.451,500.064,712.264,815.132,135.069,869.031,783.894,810.254,662.824,34.8272,106.574,144.793,212.245,923.874,297.282,162.324,516.702,927.101,931.81,81.5156,1067.72,925.486,917.547,853.518,9.89182,43.864,91.934,250.871,1215.1
140.212,110.88,197.653,263.102,333.497,82.3628,167.726,221.628,178.089,262.816,67.0778,90.4957,121.648,153.695,166.847,113.466,91.7548,146.497,231.731,110.458,105.601,153.589,109.449,168.828,227.023,66.3664,79.7066,93.4371,111.023,121.492,112.954,90.7001,145.884,226.345,274.923,105.57,151.152,109.351,166.566,222.046,66.2637,79.6871,93.3941,110.789,120.746,0.0102463,0.00901794,0.0102463,0.0102463,0.0102463,0.00310516,0.00310516,0.00310516,0.00310516,0.00310516,0.00293732,0.00293732,0.00293732,0.00293732,0.00293732,287.217,277.447,464.045,751.986,797.011,152.749,873.219,782.852,830.406,702.086,38.331,110.078,155.297,187.753,925.085,325.481,177.597,523.19,967.031,937.744,98.1484,1088.17,943.939,931.797,859.123,9.89182,28.7859,76.8559,233.621,1230.83
140.212,110.88,197.653,263.102,333.497,82.3628,167.726,221.628,178.089,262.816,67.0778,90.4957,121.648,153.695,166.847,113.466,91.7548,146.497,231.731,282.947,105.601,153.589,109.449,168.828,227.023,66.3664,79.7066,93.4371,111.023,121.492,112.954,90.7001,145.884,226.345,274.923,105.57,151.152,109.351,166.566,222.046,66.2637,79.6871,93.3941,110.789,120.746,0.0117874,0.0102463,0.0117874,0.0117874,0.0117874,0.00323486,0.00323486,0.00323486,0.00323486,0.00323486,0.00306702,0.00306702,0.00306702,0.00306702,0.00306702,294.213,286.459,457.033,712.264,797.011,149.249,848.859,769.66,808.184,665.809,38.3311,110.078,148.293,217.89,922.85,301.329,195.179,528.557,941.777,937.15,89.832,1108.24,944.064,942.903,869.858,6.5416,61.0358,76.9186,266.231,1251.2
140.212,108.087,197.653,263.102,333.497,82.3628,167.726,221.628,178.089,262.816,67.0778,90.4957,121.648,153.695,166.847,113.466,91.7548,146.497,231.731,282.946,105.601,153.589,201.5,168.828,227.023,66.3664,79.7066,93.4371,111.023,121.492,112.954,90.7001,145.884,226.345,274.923,105.57,151.152,197.461,166.566,222.046,66.2637,79.6871,93.3941,110.789,120.746,0.0120163,0.0117874,0.0120163,0.0120163,0.0120163,0.00327301,0.00327301,0.00327301,0.00327301,0.00327301,0.00310516,0.00310516,0.00310516,0.00310516,0.00310516,287.315,286.78,453.279,701.76,797.011,141.897,866.141,760.098,832.789,672.574,31.7784,117.078,112.652,228.394,909.065,304.891,195.179,535.002,941.793,936.502,115.73,1129.9,959.63,967.7,874.975,13.6641,61.0358,90.6529,246.438,1280.05
140.212,108.087,197.653,263.102,333.497,82.3628,167.726,221.628,178.089,262.816,67.0778,90.4957,121.648,153.695,166.847,113.466,91.7548,146.497,231.731,282.946,105.601,153.589,201.499,168.828,227.023,66.3664,79.7066,93.4371,111.023,121.492,112.954,90.7001,145.884,226.345,274.923,105.57,151.152,197.46,166.566,222.046,66.2637,79.6871,93.3941,110.789,120.746,32.0159,0.0120163,32.0159,32.0159,32.0159,0.0032959,0.0032959,0.0032959,0.0032959,0.0032959,0.00312805,0.00312805,0.00312805,0.00312805,0.00312805,294.311,272.365,449.715,726.873,807.885,159.831,866.004,755.914,817.934,685.34,31.7785,117.078,147.297,221.39,933.647,331.813,188.743,538.514,941.785,935.834,115.718,1150.19,966.915,979.262,884.389,13.6641,44.9109,97.2778,282.836,1293.54
140.212,108.087,197.653,263.102,333.497,82.3628,167.726,221.628,178.089,262.816,67.0778,90.4957,121.648,153.695,166.847,113.466,91.7548,146.497,231.731,282.946,105.601,153.589,201.499,168.828,227.023,66.3664,79.7066,93.4371,111.023,121.492,112.954,90.7001,145.884,226.345,274.923,105.57,151.152,197.46,166.566,222.046,66.2637,79.6871,93.3941,110.789,120.746,64.0197,32.0159,64.0197,64.0197,64.0197,0.00341034,0.00341034,0.00341034,0.00341034,0.00341034,0.00324249,0.00324249,0.00324249,0.00324249,0.00324249,284.713,283.893,452.428,712.264,816.874,170.335,865.93,758.016,830.699,684.629,35.813,131.078,157.801,219.894,922.85,319.813,195.609,541.749,941.754,939.086,142.348,1168.96,973.736,1002.17,884.342,10.1028,44.9553,97.2778,260.844,1312.43
140.212,108.087,197.653,263.102,333.497,82.3628,167.726,221.628,178.089,262.816,67.0778,90.4957,121.648,153.695,166.847,94.0439,91.7548,146.497,231.731,282.946,105.601,153.589,201.499,168.828,227.023,66.3664,79.7066,93.4371,111.023,121.492,112.954,90.7001,145.884,226.345,274.923,105.57,151.152,197.46,166.566,222.046,66.2637,79.6871,93.3941,110.789,120.746,64.0307,64.0197,64.0307,64.0307,64.0307,0.00396729,0.00396729,0.00396729,0.00396729,0.00396729,0.00379944,0.00379944,0.00379944,0.00379944,0.00379944,261.87,284.178,459.404,712.264,816.3,163.331,886.828,755.66,829.988,684.012,36.2505,131.078,150.797,230.398,947.131,340.462,202.609,544.635,947.851,938.516,131.727,1180.64,986.404,996.11,884.288,10.1473,44.9601,103.766,302.176,1329.6
140.212,108.087,197.653,263.102,333.497,82.3628,167.726,221.628,178.089,262.816,67.0778,90.4957,121.648,153.695,166.847,94.0439,108.986,146.497,231.731,282.946,105.601,153.589,201.499,168.828,227.023,66.3664,79.7066,93.4371,111.023,121.492,91.8173,108.923,89.1493,226.345,274.923,105.57,151.152,197.46,166.566,222.046,66.2637,79.6871,93.3941,110.789,120.746,64.0334,64.0307,64.0334,64.0334,64.0334,0.00452423,0.00452423,0.00452423,0.00452423,0.00452423,0.00435638,0.00435638,0.00435638,0.00435638,0.00435638,275.854,298.471,486.99,712.264,814.627,152.401,891.711,755.66,828.871,683.512,37.1255,86.4022,150.793,223.394,961.065,326.438,209.746,547.042,953.769,948.377,172.43,1195.81,992.24,1031.26,884.213,10.1517,44.9649,103.766,277.633,1346.59
140.212,108.087,197.653,263.102,333.497,82.3628,167.726,221.628,178.089,262.816,67.0778,90.4957,121.648,153.695,166.847,94.0439,108.985,146.497,231.731,282.946,105.601,153.589,201.499,100.425,227.023,66.3664,79.7066,93.4371,111.023,121.492,91.8173,108.923,89.1493,226.345,274.923,105.57,151.152,197.46,166.566,222.046,66.2637,79.6871,93.3941,110.789,120.746,64.0415,64.0334,64.0415,64.0415,64.0415,0.00508118,0.00508118,0.00508118,0.00508118,0.00508118,0.00491333,0.00491333,0.00491333,0.00491333,0.00491333,253.08,280.393,474.217,718.569,813.686,162.905,864.645,743.406,817.934,683.332,37.1255,86.4023,126.652,215.394,960.991,347.458,231.82,548.908,959.418,953.729,149.953,1209.67,1003.62,1044.78,890.28,10.1561,44.9702,120.446,323.395,1353.18
140.212,108.087,197.653,263.102,333.497,82.3628,167.726,221.628,178.089,262.816,67.0778,90.4957,121.648,153.695,166.847,94.0439,108.985,146.497,231.731,282.946,105.601,153.589,201.499,100.425,227.023,66.4934,79.7066,93.4371,111.023,121.492,91.8173,108.923,89.1493,226.345,274.923,105.57,151.152,197.46,166.566,222.046,66.2637,79.6871,93.3941,110.789,120.746,64.0415,64.0415,64.0415,64.0415,64.0415,0.00563812,0.00563812,0.00563812,0.00563812,0.00563812,0.00547028,0.00547028,0.00547028,0.00547028,0.00547028,261.201,278.127,486.377,724.479,813.049,155.901,850.609,761.965,817.934,682.957,38.8755,152.293,159.758,232.902,960.917,332.544,277.199,580.541,964.922,960.23,153.281,1215.71,1008.96,1057.43,896.159,10.161,44.9736,113.098,295.715,1371.43
140.212,108.087,197.653,263.102,333.497,82.3628,167.726,221.628,178.089,262.816,67.0778,90.4957,121.648,153.695,166.847,108.985,108.985,146.497,231.731,282.946,105.601,153.589,201.499,100.425,227.023,66.4934,79.7066,93.4371,111.023,121.492,91.8173,108.923,128.294,226.345,274.923,105.57,151.152,197.46,166.566,222.046,66.2637,79.6871,93.3941,110.789,120.746,64.0447,64.0415,64.0447,64.0447,64.0447,0.00576782,0.00576782,0.00576782,0.00576782,0.00576782,0.00559998,0.00559998,0.00559998,0.00559998,0.00559998,267.877,299.108,486.064,724.08,813.054,163.092,863.676,781.875,817.934,666.184,38.8755,152.293,165.012,225.898,936.85,332.813,261.074,567.431,973.605,963.266,153.402,1221.7,1014.25,1069.26,901.772,10.1632,57.6609,141.766,344.66,1388
98.4579,108.087,197.653,263.102,333.497,99.769,167.726,221.628,178.089,262.816,67.0778,90.4957,121.648,153.695,166.847,108.985,108.985,146.497,231.731,282.946,105.601,105.601,201.499,100.425,227.023,66.4934,79.7066,93.4371,111.023,121.492,108.923,108.923,128.294,226.345,274.923,105.57,151.152,197.46,166.566,222.046,66.2637,79.6871,93.3941,110.789,120.746,64.0481,64.0447,64.0481,64.0481,64.0481,0.00589752,0.00589752,0.00589752,0.00589752,0.00589752,0.00572968,0.00572968,0.00572968,0.00572968,0.00572968,273.553,292.928,453.209,714.065,812.423,173.596,863.082,754.777,817.934,651.574,42.3793,124.469,175.516,201.753,951.522,334.954,303.097,592.189,979.422,966.128,177.32,1272.97,1056.65,1047.03,907.237,10.1655,51.3172,125.817,313.977,1398.3
98.4579,108.087,197.653,263.102,333.497,99.7695,167.726,221.628,178.089,262.816,67.0778,90.4957,121.648,153.695,166.847,108.985,108.985,146.497,158.579,282.946,105.601,105.601,201.499,100.425,227.023,66.4934,79.7066,93.4371,111.023,121.492,108.923,108.923,128.294,226.345,274.923,105.57,151.152,197.46,166.566,222.046,66.2637,79.6871,93.3941,110.789,120.746,64.0585,64.0481,64.0585,64.0585,64.0585,0.00602722,0.00602722,0.00602722,0.00602722,0.00602722,0.00585938,0.00585938,0.00585938,0.00585938,0.00585938,267.654,265.362,467.213,725.912,812.062,166.592,862.457,769.945,817.934,651.574,42.3794,124.469,168.512,233.109,951.127,359.876,271.953,599.501,978.722,968.625,162.953,1249.26,1028.77,1056.87,915.87,24.9232,63.6453,157.938,302.59,1407.63
98.4579,108.087,197.653,263.102,333.497,99.769,167.726,221.628,178.089,262.816,67.0778,90.4957,121.648,153.695,166.848,108.985,108.985,146.497,158.579,282.946,105.601,105.601,201.499,100.425,227.023,66.4934,79.7066,93.4371,111.023,121.492,108.923,108.923,128.294,156.841,274.923,105.57,151.152,197.46,166.566,222.046,66.2637,79.6871,93.3941,110.789,120.746,64.0446,64.0585,64.0446,64.0446,64.0446,0.00606537,0.00606537,0.00606537,0.00606537,0.00606537,0.00589752,0.00589752,0.00589752,0.00589752,0.00589752,267.525,279.365,478.463,724.565,812.161,163.155,906.375,796.648,830.344,672.574,36.8878,97.8163,154.508,250.616,950.67,342.075,309.25,582.033,977.964,972.714,180.836,1263.73,1028.7,1064.07,921.62,17.5444,63.6453,138.907,306.288,1407.48
98.4579,108.087,197.653,263.102,333.497,99.769,167.726,221.628,178.089,262.816,67.0778,90.4957,121.648,153.695,166.847,108.985,108.985,146.497,158.579,282.946,105.601,105.601,201.499,100.425,227.023,66.4934,79.7066,93.4371,111.023,121.492,108.923,108.923,128.294,156.841,274.923,105.57,105.57,197.46,166.566,222.046,66.2637,79.6871,93.3941,110.789,120.746,64.0456,64.0446,64.0456,64.0456,64.0456,0.00608826,0.00608826,0.00608826,0.00608826,0.00608826,0.00592041,0.00592041,0.00592041,0.00592041,0.00592041,269.432,272.365,475.721,723.194,811.826,173.659,849.734,780.59,829.953,672.574,36.8878,97.8163,126.652,243.613,950.17,359.899,279.429,606.935,977.191,975.54,164.289,1263.53,1028.63,1070.76,920.858,31.6927,57.4812,175.055,306.444,1407.32
98.4579,108.087,99.0048,263.102,333.497,99.769,167.726,221.628,178.089,262.816,67.0778,90.4961,121.648,153.695,166.847,108.985,108.985,146.497,158.579,282.946,105.601,105.601,201.499,100.425,227.023,66.4934,79.7066,93.4371,111.023,121.492,108.923,108.923,128.294,156.841,274.923,105.57,105.57,197.46,166.566,222.046,66.3536,79.6871,93.3941,110.789,120.746,64.0595,64.0456,64.0595,64.0595,64.0595,0.0062027,0.0062027,0.0062027,0.0062027,0.0062027,0.0059433,0.0059433,0.0059433,0.0059433,0.0059433,270.123,279.365,482.721,721.826,825.591,166.655,889.629,741.656,804.547,684.984,51.7785,106.824,162.649,201.753,963.323,342.024,314.519,617.501,980.354,977.413,186.23,1263.35,1028.54,1083.35,920.045,31.6927,71.1377,153.551,309.275,1407.17
98.4579,108.087,99.0048,263.102,333.497,99.769,167.726,221.628,178.089,262.816,67.0778,90.4957,121.648,153.695,166.847,108.985,108.985,146.497,158.579,282.946,105.601,105.601,105.601,100.425,227.023,66.4934,79.7066,93.4371,111.023,121.492,108.923,108.923,128.294,156.841,108.923,105.57,105.57,197.46,166.566,222.046,66.3536,79.6871,93.3941,110.789,120.746,64.063,64.0595,64.063,64.063,64.063,0.00675964,0.00675964,0.00675964,0.00675964,0.00675964,0.00596619,0.00596619,0.00596619,0.00596619,0.00596619,276.252,272.365,489.068,720.604,825.331,163.198,888.918,752.406,818.219,684.594,52.4348,109.449,167.902,235.999,962.698,366.122,287.125,627.716,979.697,980.286,168.348,1263.16,1034.58,1089.14,919.221,24.6185,101.294,180.86,309.728,1418.94
98.4579,108.087,99.0048,263.102,333.497,99.769,167.726,221.628,178.089,262.816,67.0778,90.4957,121.648,153.695,166.847,108.985,108.985,146.497,158.579,282.946,105.601,105.601,105.601,100.425,227.023,66.4934,79.7066,93.4371,111.023,121.492,108.923,108.923,128.294,156.841,108.923,105.57,105.57,105.57,166.566,222.046,66.3536,79.6871,93.3941,110.789,120.746,64.0735,64.063,64.0735,64.0735,64.0735,0.00731659,0.00731659,0.00731659,0.00731659,0.00731659,0.00605011,0.00605011,0.00605011,0.00605011,0.00605011,263.537,279.365,484.943,719.514,825.076,173.702,888.301,761.953,816.918,684.16,53.7473,107.699,178.406,253.507,962.1,348.298,290.871,635.287,989.445,982.415,190.734,1268.95,1040.45,1100.48,922.333,27.7586,114.946,194.919,312.958,1429.88
98.4579,108.087,99.0048,263.102,333.497,99.769,167.726,221.628,178.089,262.816,67.0778,90.4957,121.648,153.695,166.847,108.985,108.985,146.497,158.579,282.946,105.601,105.601,105.601,100.425,227.023,66.4934,79.7066,93.4371,111.023,121.492,108.923,108.923,128.294,156.841,108.923,105.57,105.57,105.57,166.566,222.046,66.3536,79.6871,93.3941,110.789,149.926,64.0595,64.0735,64.0595,64.0595,64.0595,0.00787354,0.00787354,0.00787354,0.00787354,0.00787354,32.0099,32.0099,32.0099,32.0099,32.0099,268.791,286.717,495.447,732.123,804.016,166.698,887.801,754.539,815.543,662.691,52.8722,114.703,171.402,274.507,944.706,365.786,297.312,613.587,994.695,984.107,174.109,1285.85,1046.04,1105.79,921.63,34.2507,101.29,170.626,316.423,1444.07
98.4579,108.087,99.0048,263.102,333.497,99.769,167.726,221.628,178.089,262.816,67.0778,90.4961,121.648,153.695,166.847,108.985,108.985,146.497,158.579,282.946,105.601,105.601,105.601,100.425,227.023,66.4934,79.7066,93.4371,111.023,121.492,108.923,108.923,128.294,156.841,108.923,105.57,105.57,105.57,166.566,222.046,66.3536,79.6871,93.3941,110.789,149.925,112.954,64.0595,145.884,113.02,109.974,0.00843048,0.00843048,0.00843048,0.00843048,0.00843048,64.0138,64.0138,64.0138,64.0138,64.0138,269.697,293.717,474.213,706.541,798.925,161.112,876.863,774.441,814.168,673.504,56.3723,111.203,199.406,260.503,950.85,348.098,302.578,613.689,1023.9,985.452,196.883,1287.54,1051.5,1111.04,955.936,31.1109,133.536,200.782,320.135,1442.33
98.4579,105.001,99.0048,263.102,333.497,99.769,167.726,221.628,178.089,262.816,67.0778,90.4957,121.648,153.695,158.476,108.985,108.985,90.4618,158.579,282.946,105.601,105.601,105.601,100.425,227.023,66.4934,79.7066,93.4371,111.023,121.492,108.923,108.923,128.294,156.841,108.923,105.57,105.57,105.57,100.425,222.046,66.3536,79.6871,93.3941,110.789,149.925,564.895,94.2939,929.505,489.056,544.727,0.00856018,0.00856018,0.00856018,0.00856018,0.00856018,64.0138,64.0138,64.0138,64.0138,64.0138,274.951,287.076,467.209,716.198,823.835,163.737,876.863,751.532,811.711,686.859,54.6222,125.207,199.406,251.038,963.616,365.352,302.972,642.271,1002.5,987.13,179.844,1299.37,1060.12,1153.93,934.067,38.7437,150.653,216.684,324.138,1444.5
98.4579,105.001,99.0048,263.102,333.497,99.769,167.726,221.628,178.089,262.816,67.0778,90.4957,121.648,153.695,158.476,108.985,108.985,90.4618,158.579,282.946,105.601,105.601,105.601,100.425,227.023,66.4934,79.7066,93.4371,111.023,121.492,108.923,108.923,128.294,156.841,108.923,105.57,105.57,105.57,100.425,100.425,66.3536,79.6871,93.3941,110.789,149.925,564.895,430.907,929.505,489.056,544.727,0.00868988,0.00868988,0.00868988,0.00868988,0.00868988,64.0139,64.0139,64.0139,64.0139,64.0139,268.119,245.967,487.404,715.135,817.366,161.987,876.863,757.985,797.539,685.559,61.6261,118.203,185.402,267.644,962.905,347.864,322.015,620.294,1008.17,988.197,212.109,1297.53,1065.86,1125.58,938.735,32.2516,121.923,188.969,324.728,1449.13
98.4579,105.001,99.0048,263.102,333.497,99.769,167.726,221.628,178.089,262.816,67.3805,90.4957,121.648,153.695,158.476,108.985,108.985,90.4618,158.579,282.946,105.601,105.601,105.601,100.425,227.023,66.4934,79.7066,93.4371,111.023,121.492,108.923,108.923,128.294,156.841,108.923,105.57,105.57,105.57,100.425,100.425,66.3536,79.6871,93.3941,110.789,149.925,516.001,430.907,847.681,440.095,498.813,0.00881958,0.00881958,0.00881958,0.00881958,0.00881958,64.0247,64.0247,64.0247,64.0247,64.0247,267.771,258.791,467.209,707.589,824.128,126.741,876.863,758.449,803.496,684.184,58.1261,171.504,123.375,215.568,962.288,364.864,309.136,648.709,1011.5,988.85,179.844,1299.71,1065.1,1125.51,942.59,36.8648,140.985,206.215,329.388,1460.73
98.4584,105.001,99.0048,263.102,105.001,99.769,167.726,221.628,178.089,262.816,67.3805,90.4957,121.648,153.695,158.476,108.985,108.985,90.4618,158.579,282.946,105.601,105.601,105.601,100.425,100.425,66.4934,79.7066,93.4371,111.023,121.492,108.923,108.923,128.294,156.841,108.923,105.57,105.57,105.57,100.425,100.425,66.3536,79.6871,93.3941,110.789,149.925,543.759,400.673,872.77,602.38,709.677,0.00885773,0.00885773,0.00885773,0.00885773,0.00885773,64.0274,64.0274,64.0274,64.0274,64.0274,267.432,283.631,486.978,728.298,805.929,126.741,876.863,757.699,823.219,661.809,72.13,171.504,123.375,210.295,961.788,347.61,309.808,626.677,1016.18,989.153,183.703,1308.93,1064.28,1125.4,945.825,36.6109,114.087,182.102,333.712,1467.76
98.4579,105.001,99.0048,263.102,105.001,99.769,167.726,221.628,178.089,262.816,67.3805,90.4957,121.648,153.695,158.476,108.985,108.985,90.4618,158.579,282.946,105.601,105.601,105.601,100.425,100.425,66.4934,79.7066,93.4371,111.023,121.492,108.923,108.923,128.294,156.841,108.923,105.57,105.57,105.57,100.426,100.425,66.3536,79.6871,93.3941,110.789,149.925,639.68,427.313,969.122,1105.54,1398.32,0.00888062,0.00888062,0.00888062,0.00888062,0.00888062,64.0302,64.0302,64.0302,64.0302,64.0302,267.084,295.885,533.275,728.303,868.023,164.979,889.273,757.201,807.868,668.137,72.13,171.504,140.789,218.559,950.85,364.325,330.441,638.181,1018.02,989.13,196.648,1316.24,1063.45,1125.28,948.633,50.7554,120.427,202.583,334.403,1472.98
98.4579,105.001,127.333,263.102,105.001,99.769,167.726,221.628,178.089,262.816,67.3805,90.4957,121.648,153.695,158.476,108.985,108.985,129.704,158.579,282.946,105.601,105.601,105.601,100.425,100.425,66.4934,79.7066,93.4371,111.023,121.492,108.923,108.923,128.294,156.841,108.923,105.57,105.57,105.57,100.425,100.425,66.3536,79.6871,93.3941,110.789,149.925,639.68,535.387,969.122,1105.54,1398.32,0.0089035,0.0089035,0.0089035,0.0089035,0.0089035,64.0356,64.0356,64.0356,64.0356,64.0356,263.244,261.151,533.275,706.466,841.913,175.483,888.883,756.642,820.605,644.57,65.1261,91.9334,137.289,213.788,929.85,347.325,316.152,631.123,1020.85,989.358,215.398,1323.23,1066.57,1125.16,951.079,58.1304,120.247,188.848,350.091,1476.97
98.4579,105.001,127.333,263.102,105.001,99.769,167.726,221.628,178.089,262.816,67.3805,90.4957,121.648,153.695,158.476,108.985,108.985,129.704,158.579,108.985,105.601,105.601,105.601,100.425,100.425,66.4934,79.7066,93.4371,111.023,151.398,108.923,108.923,128.294,156.841,108.923,105.57,105.57,105.57,100.425,100.425,66.3536,79.6871,93.3941,110.789,149.925,611.923,535.387,944.032,943.255,1187.46,0.00892639,0.00892639,0.00892639,0.00892639,0.00892639,64.0356,64.0356,64.0356,64.0356,64.0356,273.748,280.807,473.943,741.147,826.929,168.479,888.449,744.552,819.968,680.352,72.7433,92.4334,144.289,219.663,950.85,363.754,337.507,628.462,1022.96,1001.93,194.137,1328.43,1065.87,1131.17,953.211,50.7515,158.372,211.418,339.731,1479.73
98.4579,105.001,127.333,263.102,182.04,99.769,167.726,221.628,178.089,262.816,67.3805,90.4957,121.648,153.695,158.476,108.985,108.985,129.704,158.579,108.985,105.601,105.601,105.601,100.425,100.425,66.4934,79.7066,93.4371,111.023,151.398,108.923,108.923,128.294,156.841,108.923,105.57,105.57,105.57,100.425,100.425,66.3536,79.6871,93.3941,110.789,149.925,656.786,508.747,1008.27,1036.04,1232.32,0.00905609,0.00905609,0.00905609,0.00905609,0.00905609,64.0247,64.0247,64.0247,64.0247,64.0247,275.291,247.061,480.943,713.41,839.253,142.815,891.793,746.047,812.621,679.316,63.0637,94.4335,143.816,219.776,950.85,347.04,322.601,628.212,1045.7,1033.35,190.309,1332.41,1071.28,1137,955.089,60.4233,120.247,197.805,356.446,1505.26
98.4579,105.001,127.333,263.102,182.04,99.769,167.726,221.628,178.089,91.1128,67.3805,66.5668,121.648,153.695,158.476,108.985,108.985,129.704,158.579,108.985,105.601,105.601,105.601,100.425,100.425,66.4934,79.7066,93.4371,111.023,151.398,108.923,108.923,128.294,156.841,108.923,105.57,105.57,105.57,100.425,100.425,66.3536,79.6876,93.3941,110.789,149.925,1369.99,553.61,1760,1946.54,1945.52,32.0129,32.0129,32.0129,32.0129,32.0129,64.0248,64.0248,64.0248,64.0248,64.0248,236.959,268.201,474.213,720.159,839.819,153.319,890.512,770.237,805.238,678.434,63.1457,93.4334,154.293,220.223,950.85,379.493,344.664,627.939,1026.87,1043.88,180.234,1336.97,1078.3,1142.56,957.869,55.8101,114.944,232.294,345.392,1484.31
98.4579,105.001,127.333,263.102,182.04,99.7695,167.726,221.628,178.089,91.1128,67.3805,66.5668,69.4683,153.695,158.476,108.985,108.985,129.704,158.579,108.985,105.601,105.601,105.601,100.425,100.425,66.4934,79.7066,93.4371,111.023,151.398,108.923,108.923,128.294,156.841,108.923,105.57,105.57,105.57,100.425,100.425,66.3536,79.6871,93.3941,110.789,149.925,1369.99,1266.81,1760,1946.54,1945.52,64.0168,64.0168,64.0168,64.0168,64.0168,64.0249,64.0249,64.0249,64.0249,64.0249,249.783,257.647,481.213,712.921,826.929,146.315,889.164,769.976,804.98,678.453,63.091,97.4373,164.797,224.205,963.26,347.04,329.175,627.72,1028.23,1057.37,177.344,1339.75,1082.98,1179.36,959.695,41.6402,112.544,232.293,346.142,1486.37
105.001,105.001,127.333,263.102,182.04,99.769,167.726,221.628,178.089,91.1133,67.3805,66.5668,69.4683,153.695,158.476,108.985,108.985,129.704,158.579,108.985,105.601,105.601,105.601,100.425,100.425,66.4934,79.7066,93.4371,111.023,151.398,108.923,108.923,128.294,156.841,108.923,105.57,105.57,105.57,100.425,100.425,66.3536,79.6871,93.3941,110.789,149.925,1325.13,1266.81,1695.76,1853.76,1900.66,64.0168,64.0168,64.0168,64.0168,64.0168,64.0387,64.0387,64.0387,64.0387,64.0387,245.139,257.647,481.213,712.71,840.933,160.421,886.426,748.78,792.055,677.355,63.3098,95.4373,157.793,217.695,962.87,357.637,351.957,627.552,1029.03,1040.46,188.91,1341.82,1086.83,1149.85,961.221,41.3532,112.544,197.805,363.353,1488.02
105.001,105.001,127.333,263.102,182.04,99.7695,167.726,221.628,178.089,91.1128,67.3805,66.5668,69.4683,153.695,158.476,108.985,108.985,129.704,158.579,108.985,105.601,105.601,105.601,100.425,100.425,66.4934,79.7066,93.4371,111.023,151.398,108.923,108.923,82.0282,156.841,108.923,105.57,105.57,105.57,100.425,100.425,66.3536,79.6871,93.3941,110.789,149.925,1326.04,1221.95,1713.73,1873.94,1991.38,64.0169,64.0169,64.0169,64.0169,64.0169,64.0421,64.0421,64.0421,64.0421,64.0421,279.877,272.588,486.447,712.58,841.386,162.171,859.609,807.723,804.824,676.508,63.2004,103.441,150.91,221.878,962.436,365.145,335.906,632.197,1029.5,1068.73,183.125,1343.47,1090.06,1192.97,962.509,41.3407,107.735,196.485,346.142,1489.34
105.001,105.001,127.333,263.102,182.04,99.769,167.726,221.628,178.089,91.1128,67.3805,66.5668,69.4683,153.695,158.476,108.985,108.985,129.704,158.579,108.985,105.601,105.601,105.601,100.426,100.425,66.4934,79.7066,93.4371,111.023,151.398,108.923,108.923,82.0282,156.841,108.923,105.57,105.57,105.57,100.425,100.425,66.3536,79.6871,93.3941,110.789,149.925,1328.3,1233.84,1780.63,1947.9,2307.43,64.0277,64.0277,64.0277,64.0277,64.0277,64.0456,64.0456,64.0456,64.0456,64.0456,286.877,283.092,481.213,712.483,841.761,130.807,882.723,729.406,804.38,675.907,63.6379,99.4373,153.535,222.503,961.967,383.274,359.425,636.724,1029.57,1079.56,206.254,1344.79,1092.87,1162.27,985.723,19.8087,107.719,191.606,352.255,1490.96
105.001,105.001,127.333,263.102,182.04,99.769,167.726,221.628,178.089,91.1133,67.3805,66.5668,69.4683,153.695,158.476,108.985,108.985,129.704,158.579,108.985,105.601,105.601,105.601,100.425,100.425,66.4934,79.7066,93.4371,111.023,151.398,108.923,108.923,66.1776,156.841,108.923,105.57,105.57,105.57,100.425,100.425,66.3536,79.6871,93.3941,110.789,149.925,1327.39,1281.74,1780.63,1927.72,2307.43,64.0304,64.0304,64.0304,64.0304,64.0304,64.0525,64.0525,64.0525,64.0525,64.0525,252.143,268.151,483.818,712.292,842.077,130.807,868.148,1097.66,793.657,675.446,63.4191,99.437,151.785,233.007,965.135,361.688,342.808,662.416,1059.61,1058.22,194.687,1366.99,1119.48,1161.47,966.279,19.768,95.1622,191.606,389.509,1491.98
105.001,105.001,127.333,263.103,182.04,99.769,99.769,221.628,178.089,269.249,67.3805,66.5668,69.4683,153.695,158.476,108.985,108.985,129.704,158.579,108.985,105.601,105.601,105.601,100.425,100.425,66.4934,79.7066,93.4371,111.023,151.398,108.923,108.923,64.0595,156.841,154.774,105.57,105.57,105.57,100.425,100.425,66.3536,79.6871,93.3941,110.789,149.925,1327.44,1281.74,1762.66,1942.46,2216.72,64.0332,64.0332,64.0332,64.0332,64.0332,64.0387,64.0387,64.0387,64.0387,64.0387,270.924,238.017,480.021,712.265,837.284,85.9656,880.196,1481.66,793.491,675.064,39.216,78.8391,105.655,218.456,922.846,357.055,343.417,644.193,1032.92,1062.68,194.687,1347.01,1097.45,1160.62,967.613,19.7588,95.1531,154.924,370.88,1492.58
105.001,82.9267,127.333,263.102,182.04,99.769,99.769,221.628,178.089,269.249,67.3805,66.5668,69.4683,153.695,158.476,108.985,108.985,129.704,158.579,108.985,105.601,105.601,105.601,124.082,100.425,66.4934,79.7066,93.4371,111.023,151.398,108.923,108.923,,156.841,154.774,105.57,105.57,105.57,100.425,100.425,66.3536,79.6871,93.3941,110.789,149.925,1327.39,1269.84,1764.78,1927.72,2319.13,64.0386,64.0386,64.0386,64.0386,64.0386,66.2637,79.6871,93.3941,110.789,120.746,273.549,,490.525,689.967,837.358,85.9571,865.534,1481.66,817.943,660.747,25.212,78.7993,105.654,226.624,948.459,159.899,344.023,644.154,1032.14,1091.04,62.1314,1347.62,1099.33,1160.19,968.513,19.7586,95.1529,154.923,245.059,1492.85
105.001,82.9267,127.333,177.352,182.04,99.769,99.769,221.628,178.089,,67.3805,66.5668,69.4683,153.695,158.476,108.985,108.985,129.705,85.454,108.985,105.601,105.601,105.601,64.0425,100.425,66.4934,79.7066,93.4371,111.023,151.398,108.923,108.923,,156.841,154.774,105.57,105.57,304.691,100.425,100.425,66.3536,79.6871,93.3941,110.789,149.925,1327.39,1272.21,1762.66,1927.72,2216.72,64.0386,64.0386,64.0386,64.0386,64.0386,74.3222,266.582,382.734,545.875,590.546,230.883,,474.213,709.115,837.401,78.7813,858.037,1225.66,855.996,649.109,25.2121,49.4945,105.658,213.788,933.087,159.899,344.601,644.154,1047.93,1075.48,62.1312,1348.06,1102.1,1159.77,969.592,19.7585,95.1527,154.923,245.059,1492.79
105.001,82.9267,127.333,177.352,182.04,99.769,99.769,221.628,178.089,,67.3805,65.3571,68.4722,89.2066,158.476,108.985,108.985,129.704,85.454,108.985,105.601,105.601,105.601,,100.425,66.4934,79.7066,93.4371,111.023,151.398,108.923,108.923,,156.841,154.774,105.57,105.57,304.691,100.425,100.426,66.3536,79.6871,93.3941,110.789,184.296,1327.39,1269.84,1762.66,1927.72,2216.72,64.0277,64.0277,64.0277,64.0277,64.0277,74.3222,266.582,382.734,545.875,590.546,,,495.213,698.315,837.444,71.4844,850.111,,803.664,661.078,25.212,33.0649,105.656,227.269,946.413,159.898,364.124,644.177,1075.37,1105.67,62.131,1348.33,1103.92,1159.38,970.323,19.7583,95.1525,154.923,245.059,1492.78
105.001,82.9267,127.333,177.352,182.04,99.769,99.769,221.628,178.089,,67.3805,64.0387,64.0387,89.2066,158.476,108.985,108.985,129.704,85.454,108.985,105.601,105.601,304.691,,100.425,66.4934,79.7066,93.4371,111.023,151.398,108.923,108.923,,156.841,154.774,105.57,105.57,,100.425,100.425,66.3536,79.6871,93.3941,110.789,184.296,1327.39,1269.84,1762.66,1927.72,2216.72,64.0278,64.0278,64.0278,64.0278,64.0278,72.0972,250.933,353.378,499.125,533.839,,,486.334,720.701,837.472,64.0547,878.903,,953.933,648.36,25.2121,33.0641,105.664,244.777,934.686,159.898,345.14,644.232,1094.18,1089.51,62.1308,1348.28,1105.45,1162.86,970.832,19.7581,95.1523,154.923,245.059,1563.84
105.001,82.9267,127.333,177.352,182.04,99.769,99.769,221.628,178.089,,67.3805,,,89.2066,158.476,108.985,108.985,129.704,85.454,108.985,105.601,105.601,304.691,,100.425,64.099,79.7066,93.4371,111.023,151.398,108.923,75.954,,156.841,154.774,105.57,105.57,,100.425,100.425,66.3536,79.6871,93.3941,110.789,,1327.39,1269.84,1762.66,1927.72,2216.72,64.0279,64.0279,64.0279,64.0279,64.0279,74.4121,252.832,357.312,515.851,619.726,,,521.338,701.783,837.487,56.5157,878.404,,889.929,660.423,25.2121,0.000999451,105.66,231.374,958.627,159.898,352.261,644.283,1111.69,1090.19,62.1306,1348.27,1106.73,1162.49,971.162,19.7579,95.1521,154.923,245.058,1563.84
105.001,82.9267,127.333,177.352,182.04,99.769,99.769,221.628,178.089,,67.3805,,,89.2066,158.476,108.985,108.985,129.704,78.7978,108.985,105.601,105.601,,,100.425,64.0387,79.7066,93.4371,111.023,151.398,108.923,75.954,,156.841,154.774,105.57,105.57,,100.425,100.425,66.3536,79.6871,93.3941,110.789,,1327.39,1269.84,1762.66,1927.72,2216.72,64.0417,64.0417,64.0417,64.0417,64.0417,84.2831,259.895,371.578,581.437,850.355,,,474.213,723.51,837.468,51.168,878.066,,,649.611,25.2122,,105.676,233.128,957.592,159.898,372.296,644.353,1090.29,1090.82,62.1304,1384.05,1107.85,1164.93,971.247,19.7577,95.152,154.922,245.058,1651.25
105.001,82.9267,127.333,177.352,182.04,99.769,99.769,221.628,178.089,,67.3805,,,89.2066,158.476,108.985,108.985,129.704,64.0595,108.985,105.601,105.601,,,100.425,,79.7066,93.4371,111.023,151.398,108.923,75.954,,156.841,154.774,105.57,105.57,,100.425,100.425,66.3536,79.6871,93.3941,110.789,,1327.39,1269.84,1762.66,1927.72,2216.72,64.0452,64.0452,64.0452,64.0452,64.0452,84.2831,257.996,367.644,581.437,850.355,,,509.217,738.213,837.433,45.7891,877.845,,,659.983,25.2124,,105.668,212.788,956.709,159.898,352.773,642.466,,1124.03,62.1302,1363.84,1108.82,1171.81,971.232,19.7575,95.1518,154.922,245.058,1826.08
105.001,82.9267,127.333,177.352,182.04,99.769,99.769,221.628,178.089,,67.3805,,,89.2066,158.476,108.985,76.5556,129.704,,108.985,105.601,105.601,,,100.425,,79.7071,93.4371,111.023,151.398,64.1116,75.954,,156.841,154.774,105.57,105.57,,100.425,100.425,66.3536,79.6871,93.3941,110.789,,1327.39,1269.84,1762.66,1927.72,2216.72,64.0486,64.0486,64.0486,64.0486,64.0486,81.9683,259.314,372.078,564.71,764.468,,,474.213,773.217,880.929,40.3907,877.7,,,649.273,25.2128,,105.699,230.792,957.413,159.897,387.91,630.033,,1098.9,62.13,1414.08,1131.01,1176.99,1007.95,19.7574,95.1516,154.922,245.057,1709.53
105.001,82.9267,127.333,177.352,182.04,99.769,99.769,221.628,178.089,,67.3805,,,89.2066,158.476,64.9711,76.5556,129.704,,108.985,105.601,105.601,,,100.425,,79.7066,93.4371,111.023,151.398,64.0595,75.954,,84.2358,154.774,105.57,105.57,,100.425,100.425,66.3536,79.6871,93.3941,110.789,,1327.39,1269.84,1762.66,1927.72,2216.72,64.0555,64.0555,64.0555,64.0555,64.0555,82.0285,257.996,367.644,579.64,884.726,,,509.217,730.479,880.929,40.39,877.913,,,687.694,25.2135,,105.683,254.792,956.135,159.897,352.773,637.068,,1099.36,62.1298,1490.41,1109.7,1206.15,972.284,19.7572,51.3391,154.922,245.057,
105.001,82.9267,127.333,177.352,182.04,99.769,99.769,221.628,178.089,,67.3805,,,89.2066,158.476,64.1116,76.5556,129.704,,108.985,105.601,105.601,,,100.425,,79.7066,93.4371,111.023,151.398,,66.4246,,84.2353,154.774,105.57,105.57,,100.425,100.425,66.3536,79.6871,93.3941,110.789,,1327.39,1269.84,1762.66,1927.72,2216.72,64.0417,64.0417,64.0417,64.0417,64.0417,81.9683,257.996,367.644,564.71,884.726,,,474.213,719.783,976.929,40.3501,877.674,,,652.556,25.213,,105.746,238.788,955.182,159.897,338.5,638.357,,1107.48,62.1296,,1110.49,1183.03,1026.73,19.757,19.0929,154.922,245.057,
105.001,82.9267,127.333,177.352,182.04,99.769,99.769,221.628,178.089,,67.3805,,,89.2066,158.476,64.0595,76.5556,129.704,,108.985,105.601,105.601,,,100.425,,79.7066,93.4371,111.023,151.398,,64.0595,,84.2353,154.774,105.57,105.57,,100.425,100.425,66.3536,79.6871,93.3941,110.789,,1327.39,1269.84,1762.66,1927.72,2216.72,64.0417,64.0417,64.0417,64.0417,64.0417,81.9682,257.995,367.644,564.71,764.468,,,509.217,,912.924,29.5298,877.44,,,673.503,25.215,,105.715,,954.462,159.897,344.261,638.802,,1136.96,62.1294,,1111.82,1186.25,1104.45,19.7568,19.0927,154.922,245.057,
105.001,82.9267,127.333,177.352,166.466,99.769,99.769,221.628,91.1128,,67.3805,,,89.2066,158.476,,66.4246,129.704,,108.985,105.601,105.601,,,100.425,,79.7066,93.4371,111.023,151.398,,,,84.2353,154.774,105.57,105.57,,100.425,100.425,66.3536,79.6871,93.3941,110.789,,1327.39,1269.84,1762.66,1927.72,2216.72,64.0418,64.0418,64.0418,64.0418,64.0418,81.9681,257.995,367.644,564.71,764.468,,,474.213,,,17.4595,849.654,,,659.411,25.214,,105.84,,926.155,159.897,346.816,638.943,,1118.01,62.1292,,1112.72,1189.05,1259.89,19.7566,19.0925,154.921,245.056,
105.001,82.9267,127.333,177.352,64.0595,99.769,99.769,99.769,91.1128,,67.3805,,,89.2071,158.476,,64.0595,129.704,,108.986,105.601,105.601,,,100.425,,79.7066,93.4371,111.023,184.296,,,,78.7978,154.774,105.57,105.57,,100.425,100.425,66.3536,79.6871,93.3941,110.789,,,1269.84,1762.66,,2216.72,64.0425,64.0425,64.0425,64.0425,64.0425,81.9681,257.995,367.644,564.71,764.468,,,495.213,,,3.5298,850.837,,,649.217,25.2179,,105.777,,928.836,159.896,359.765,644.455,,1153.01,62.129,,1113.47,1191.49,1570.78,19.7564,19.0923,154.921,245.056,
105.001,66.4246,127.333,177.352,,99.769,99.769,99.769,91.1128,,67.3805,,,89.2066,158.476,,,129.704,,108.985,105.601,105.601,,,100.425,,79.7066,93.4371,111.023,184.296,,,,64.0595,154.774,105.57,105.57,,100.425,100.425,66.3536,79.6871,93.3941,110.789,,,1269.84,,,,64.0427,64.0427,64.0427,64.0427,64.0427,81.9679,257.995,367.644,564.71,764.468,,,480.103,,,3.52914,852.42,,,687.628,25.2159,,106.027,,932.023,159.896,367.273,649.56,,1133.83,62.1288,,1114.07,1193.62,1363.52,19.7563,19.0921,154.921,245.056,
105.001,64.0595,127.333,177.352,,99.769,99.769,99.769,91.1128,,67.3805,,,89.2066,158.476,,,129.704,,108.985,105.601,105.601,,,100.425,,79.7066,93.4371,81.4058,,,,,,166.466,105.57,105.57,,100.425,100.425,66.3536,79.6871,67.9724,110.789,,,,,,,64.0428,64.0428,64.0428,64.0428,64.0428,81.9679,257.995,367.644,564.71,764.468,,,501.103,,,3.50211,855.866,,,652.465,25.2238,,105.902,,939.639,159.896,363.816,670.634,,1169.08,62.1285,,1114.51,1195.49,,19.7561,19.0915,154.921,245.055,
105.001,,88.4618,177.352,,99.769,99.7695,99.769,91.1133,,67.3805,,,89.2066,158.476,,,129.704,,108.985,105.601,105.601,,,100.425,,79.7066,93.4371,81.4058,,,,,,64.0595,105.57,105.57,,100.425,100.425,66.3536,79.6871,67.9724,80.7652,,,,,,,64.0432,64.0432,64.0432,64.0432,64.0432,81.9678,257.995,367.644,564.71,764.468,,,480.146,,,0.000999451,845.734,,,673.385,25.2198,,106.402,,953.103,159.896,357.839,654.365,,1149.72,62.1283,,1114.86,1219.72,,19.7559,0.000999451,17.2766,245.055,
105.001,,88.4618,177.352,,99.769,99.769,99.769,91.1128,,67.3805,,,89.2066,158.476,,,129.704,,108.985,105.601,105.601,,,100.425,,79.7066,93.4371,81.4058,,,,,,,105.57,105.57,,100.425,100.425,66.3536,79.6871,67.9724,80.7652,,,,,,,64.0425,64.0425,64.0425,64.0425,64.0425,81.9677,257.995,367.643,564.71,764.468,,,501.146,,,0,861.308,,,659.231,25.2355,,106.152,,931.534,159.896,346.558,658.857,,1185.17,62.1281,,1115.14,1198.26,,19.7557,0,17.2765,245.055,
105.001,,88.4618,177.352,,99.769,99.769,99.769,91.1128,,67.3805,,,89.2066,158.476,,,129.704,,108.985,105.601,105.601,,,100.425,,79.7066,93.4371,81.4058,,,,,,,105.57,105.57,,100.425,100.425,66.3536,79.6871,67.9724,80.7652,,,,,,,74.9057,74.9057,109.351,79.6909,98.6323,81.9677,257.995,367.643,564.71,764.468,,,500.244,,,,933.308,,,652.079,25.2277,,107.152,,938.259,159.895,353.558,658.689,,1160.37,62.1279,,1115.32,1200.08,,19.7555,,17.2763,245.055,
105.001,,88.4618,177.352,,99.769,99.769,99.7695,91.1128,,67.3805,,,89.2066,158.476,,,129.704,,108.985,105.601,105.601,,,100.425,,79.7066,93.4371,81.4058,,,,,,,105.57,105.57,,100.425,100.425,66.3536,79.6871,67.9724,80.7652,,,,,,,185.261,185.261,642.277,266.585,465.749,81.9677,,,564.71,764.468,,,457.369,,,,1029.31,,,673.02,25.2589,,106.652,,952.052,159.895,360.558,656.134,,1170.91,62.1277,,1115.4,1201.59,,19.7553,,17.2761,245.054,
105.001,,88.4618,177.352,,99.769,99.7695,99.769,91.1128,,67.3805,,,89.2066,158.476,,,129.704,,108.985,105.601,105.601,,,100.425,,79.7066,93.4371,81.4058,,,,,,,105.57,105.57,,100.425,100.425,66.3536,79.6871,68.4722,80.7652,,,,,,,185.261,185.261,642.277,266.585,465.749,,,,,764.468,,,467.873,,,,,,,658.931,25.2433,,108.652,,930.832,159.895,362.613,642.852,,1201.17,62.1275,,1115.38,1202.87,,19.7552,,17.2759,245.054,
105.001,,88.4618,177.352,,99.769,99.769,99.769,91.1128,,67.3805,,,89.2066,158.476,,,129.704,,108.985,105.601,105.601,,,269.249,,79.7066,93.4371,81.4063,,,,,,,105.57,105.57,,100.425,100.425,66.3536,79.6871,64.0387,80.7652,,,,,,,174.398,174.398,596.968,250.937,431.16,,,,,,,,466.892,,,,,,,651.849,25.3058,,107.652,,965.733,159.895,363.832,645.395,,1177.28,62.1273,,1115.36,1203.97,,19.755,,17.2757,245.054,
105.001,,88.4618,177.353,,99.769,99.7695,99.769,91.1128,,67.3805,,,89.2066,158.476,,,129.704,,108.985,105.601,105.601,,,269.249,,79.7066,93.4371,81.4058,,,,,,,105.57,105.57,,100.425,100.425,66.3536,79.6871,,80.7652,,,,,,,186.398,261.507,730.386,353.46,589.163,,,,,,,,461.244,,,,,,,672.802,25.2745,,111.656,,922.846,159.895,371.234,643.699,,1240.13,62.1271,,1115.37,1204.94,,19.7548,,17.2751,245.054,
105.001,,88.4618,177.352,,99.769,99.7695,99.769,91.1128,,67.3805,,,89.2066,158.476,,,129.704,,108.985,105.601,105.601,,,,,79.7066,93.4371,81.4058,,,,,,,105.57,105.57,,100.425,100.425,64.099,79.6871,,80.7652,,,,,,,233.046,515.714,1124.65,635.624,1084.07,,,,,,,,473.498,,,,,,,658.694,25.3995,,109.656,,944.826,159.894,372.132,,,1321.06,62.1269,,1149.33,1205.81,,19.7546,,0.000999451,245.053,
105.001,,88.4618,177.352,,99.769,99.769,99.769,91.1128,,67.3805,,,89.2066,158.476,,,129.704,,108.985,105.601,105.601,,,,,79.7066,93.4371,81.4058,,,,,,,105.57,105.57,,100.425,100.425,64.0387,79.6871,,80.7652,,,,,,,233.046,515.714,1124.65,635.624,1084.07,,,,,,,,466.135,,,,,,,651.602,25.337,,117.66,,951.661,159.894,370.863,,,1267.11,62.1267,,1119.31,1206.61,,19.7544,,0,245.053,
105.001,,88.4618,177.352,,99.769,99.769,99.769,91.1128,,67.3805,,,89.2066,158.476,,,129.704,,160.372,69.1753,105.601,,,,,79.7066,93.4371,81.4058,,,,,,,105.57,105.57,,100.425,100.425,,79.6871,,80.7652,,,,,,,221.046,428.605,991.234,533.101,926.062,,,,,,,,465.236,,,,,,,672.583,25.587,,113.656,,937.427,159.894,370.789,,,,62.1265,,1130.08,1207.93,,19.7542,,,245.053,
105.001,,88.4618,177.352,,99.769,99.7695,99.769,91.1128,,67.3805,,,89.2066,158.476,,,129.704,,160.372,64.0425,105.601,,,,,79.7066,93.4371,81.4058,,,,,,,105.57,105.57,,100.425,100.425,,79.6871,,80.7652,,,,,,,262.574,470.132,1032.76,569.484,962.445,,,,,,,,478.365,,,,,,,658.575,25.462,,129.66,,924.996,159.894,356.089,,,,62.1263,,1149.22,1208.82,,19.7541,,,245.052,
105.001,,88.4618,177.352,,99.769,99.7695,99.769,91.1128,,67.3805,,,89.2066,158.476,,,129.704,,160.372,,105.601,,,,,66.0621,93.4371,81.4058,,,,,,,105.57,105.57,,100.425,100.425,,79.6871,,80.7652,,,,,,,957.781,1165.34,1727.97,1225.83,1618.79,,,,,,,,470.713,,,,,,,710.637,25.4617,,121.656,,937.166,159.893,358.14,,,,62.1261,,1191.49,1209.56,,19.7539,,,245.052,
105.001,,66.1776,177.352,,99.769,99.769,304.691,91.1128,,67.3805,,,89.2066,158.476,,,129.704,,160.372,,105.601,,,,,66.0621,93.4371,81.4058,,,,,,,105.57,105.57,,100.425,100.425,,79.6871,,80.7652,,,,,,,957.781,1165.34,1727.97,1225.83,1618.79,,,,,,,,464.006,,,,,,,630.434,25.4613,,121.656,,926.566,159.893,362.246,,,,62.1259,,1276.04,1210.15,,9.7026,,,245.052,
105.001,,64.0595,177.353,,99.769,99.769,304.691,91.1128,,67.3805,,,89.2066,158.476,,,129.704,,160.372,,105.601,,,,,66.0621,93.4371,81.4058,,,,,,,69.1753,105.57,,100.425,269.249,,79.6871,,80.7652,,,,,,,916.253,1123.81,1686.44,1189.45,1582.41,,,,,,,,477.135,,,,,,,640.574,25.2044,,121.655,,936.911,159.893,359.511,,,,62.1257,,1445.13,1210.58,,9.70242,,,245.052,
105.001,,,177.352,,99.769,99.769,,91.1128,,67.3805,,,89.2066,158.476,,,129.704,,160.372,,105.601,,,,,66.0621,93.4371,78.9683,,,,,,,64.0425,105.57,,100.425,269.249,,79.6871,,80.7652,,,,,,,921.386,1158.37,1927.09,1249.49,1787.62,,,,,,,,469.58,,,,,,,808.574,17.7747,,105.645,,926.349,159.893,,,,,62.1255,,1783.31,1232.02,,9.70223,,,245.051,
105.001,,,177.352,,99.769,99.769,,91.1128,,67.3805,,,78.9683,158.476,,,129.704,,160.372,,105.601,,,,,65.3571,68.1792,64.0387,,,,,,,,105.57,,100.425,,,65.9379,,78.9683,,,,,,,916.253,1123.81,1927.09,1249.49,1787.62,,,,,,,,454.959,,,,,,,808.574,10.6575,,98.7344,,955.881,159.893,,,,,62.1253,,1557.86,1211.07,,9.70205,,,245.051,
65.1185,,,177.352,,99.769,99.769,,91.1128,,67.3805,,,64.0387,158.476,,,129.704,,160.372,,105.601,,,,,64.0387,68.1792,,,,,,,,,105.57,,100.425,,,65.9379,,64.0387,,,,,,,916.253,1123.81,1686.44,1189.45,1582.41,,,,,,,,467.213,,,,,,,1000.57,10.6568,,91.9453,,1007.01,159.892,,,,,62.125,,,1211.3,,9.70187,,,245.051,
65.1185,,,177.352,,99.769,99.769,,91.1133,,67.3805,,,,158.476,,,129.704,,160.372,,105.601,,,,,,68.1792,,,,,,,,,105.57,,100.425,,,65.9379,,,,,,,,,916.253,1123.81,1686.44,1189.45,1582.41,,,,,,,,445.209,,,,,,,1000.57,10.6568,,85.2852,,1103.01,159.892,,,,,62.1248,,,1211.46,,9.70168,,,245.051,
64.1116,,,177.352,,99.769,99.769,,91.1128,,67.3805,,,,158.476,,,83.1767,,160.372,,105.601,,,,,,68.1792,,,,,,,,,105.57,,100.425,,,65.9379,,,,,,,,,916.253,1123.81,1686.44,1189.45,1582.41,,,,,,,,,,,,,,,1384.57,10.6169,,85.2845,,1295.01,159.892,,,,,62.1246,,,1211.42,,9.7015,,,245.05,
64.0595,,,177.352,,99.769,99.769,,91.1128,,67.3805,,,,158.476,,,83.1767,,160.372,,105.601,,,,,,68.1792,,,,,,,,,105.57,,100.425,,,65.3571,,,,,,,,,916.253,1123.81,1686.44,1189.45,1582.41,,,,,,,,,,,,,,,1384.57,7.44708,,85.2845,,1167.01,159.892,,,,,62.1244,,,1211.4,,9.7009,,,245.05,
,,,91.3095,,99.769,99.769,,91.1128,,67.3805,,,,158.477,,,83.1767,,160.372,,105.601,,,,,,68.4722,,,,,,,,,105.57,,100.425,,,64.0387,,,,,,,,,916.253,1123.81,1686.44,1189.45,1582.41,,,,,,,,,,,,,,,1128.57,4.0643,,85.2446,,,128.747,,,,,62.1242,,,1211.4,,0.000999451,,,245.05,
,,,91.3095,,99.769,99.769,,91.1128,,67.3805,,,,158.476,,,83.1767,,160.372,,98.601,,,,,,64.0387,,,,,,,,,105.57,,100.425,,,,,,,,,,,,916.253,1123.81,1686.44,1189.45,1582.41,,,,,,,,,,,,,,,,0.4673,,77.7915,,,2.42735,,,,,12.3352,,,1249.52,,0,,,245.049,
,,,91.3095,,99.769,98.601,,124.082,,67.3805,,,,158.476,,,83.1767,,160.372,,64.0425,,,,,,,,,,,,,,,105.57,,100.425,,,,,,,,,,,,916.253,1123.81,1686.44,1189.45,1582.41,,,,,,,,,,,,,,,,0.466637,,69.0454,,,2.42715,,,,,12.335,,,1213.05,,,,,151.905,
,,,91.3095,,99.769,64.0425,,64.0425,,67.3805,,,,158.476,,,66.1776,,160.372,,,,,,,,,,,,,,,,,105.57,,100.425,,,,,,,,,,,,916.252,1123.81,1686.44,1189.45,1582.41,,,,,,,,,,,,,,,,0.439613,,59.229,,,2.42694,,,,,12.3348,,,1204.27,,,,,17.2413,
,,,91.3095,,99.769,,,,,67.3805,,,,158.476,,,64.0595,,160.372,,,,,,,,,,,,,,,,,105.57,,100.425,,,,,,,,,,,,916.252,1123.81,1686.44,1189.45,1582.41,,,,,,,,,,,,,,,,0.000999451,,48.4086,,,2.42673,,,,,12.3346,,,1282.53,,,,,17.241,
,,,91.31,,99.769,,,,,67.3805,,,,158.476,,,,,160.372,,,,,,,,,,,,,,,,,98.601,,100.425,,,,,,,,,,,,916.252,1123.81,1686.44,1189.45,1582.41,,,,,,,,,,,,,,,,0,,36.3383,,,2.42609,,,,,12.3344,,,1380.2,,,,,17.2407,
,,,91.3095,,99.769,,,,,67.3805,,,,158.476,,,,,166.466,,,,,,,,,,,,,,,,,64.0425,,100.425,,,,,,,,,,,,,,1686.44,1189.45,1582.41,,,,,,,,,,,,,,,,,,22.4086,,,0.000999451,,,,,12.3337,,,1315.09,,,,,17.24,
,,,91.3095,,99.769,,,,,67.3805,,,,158.476,,,,,64.0595,,,,,,,,,,,,,,,,,,,124.082,,,,,,,,,,,,,,,,,,,,,,,,,,,,,,,,,,7.03365,,,0,,,,,0.000999451,,,,,,,,0.000999451,
,,,91.3095,,99.7695,,,,,67.3805,,,,158.476,,,,,,,,,,,,,,,,,,,,,,,,64.0425,,,,,,,,,,,,,,,,,,,,,,,,,,,,,,,,,,7.03298,,,,,,,,0,,,,,,,,0,
,,,78.7978,,99.769,,,,,64.099,,,,158.476,,,,,,,,,,,,,,,,,,,,,,,,,,,,,,,,,,,,,,,,,,,,,,,,,,,,,,,,,,7.00596,,,,,,,,,,,,,,,,,
,,,64.0595,,69.1753,,,,,64.0387,,,,158.476,,,,,,,,,,,,,,,,,,,,,,,,,,,,,,,,,,,,,,,,,,,,,,,,,,,,,,,,,,0.000999451,,,,,,,,,,,,,,,,,
,,,,,64.0425,,,,,,,,,158.476,,,,,,,,,,,,,,,,,,,,,,,,,,,,,,,,,,,,,,,,,,,,,,,,,,,,,,,,,,0,,,,,,,,,,,,,,,,,
,,,,,64.0423,,,,,,,,,184.296,,,,,,,,,,,,,,,,,,,,,,,,,,,,,,,,,,,,,,,,,,,,,,
,,,,,,,,,,,,,,184.296,,,,,,,,,,,,,,,,,,,,,,,,,,,,,,,,,,,,,,,,,,,,,,
