0,0,0,0,0,0,0,0,0,0,0,0,0,0,0,0,0,0,0,0,0,0,0,0,0,0,0,0,0,0,0,0,0,0,0,0,0,0,0,0,0,0,0,0,0,0,0,0,0,0,0,0,0,0,0
140.212,110.88,197.654,140.489,135.556,32.0129,85.1831,139.835,90.4995,128.699,0.00605011,0.00605011,121.648,0,166.848,113.466,94.4931,146.497,113.626,110.458,74.9135,74.9135,109.449,79.7104,98.6753,0.00605011,79.7071,93.4376,111.023,121.492,112.955,94.2939,145.884,113.02,109.974,74.9057,74.9057,109.351,79.6909,98.6323,0.00605011,79.6876,93.3946,110.789,120.746,0.000556946,0.000556946,0.000556946,0.000556946,0.000556946,0.000556946,0.000556946,0.000556946,0.000556946,0.000556946
140.212,110.88,197.653,140.489,135.556,85.1831,85.1831,139.835,90.4995,128.699,32.0099,32.0099,121.648,153.695,166.847,113.466,94.4931,146.497,113.626,110.458,74.9135,74.9135,109.449,79.7104,98.6753,32.0099,79.7066,93.4371,111.023,121.492,112.954,94.2939,145.884,113.021,109.974,74.9057,74.9057,109.351,79.6909,98.6323,32.0099,79.6871,93.3941,110.789,120.746,0.000686646,0.000686646,0.000686646,0.000686646,0.000686646,0.000686646,0.000686646,0.000686646,0.000686646,0.000686646
140.212,110.88,197.653,140.489,135.556,85.1831,85.1831,139.835,90.4995,128.699,64.0387,90.4961,121.648,153.695,166.847,113.466,94.4931,146.497,113.626,110.458,74.9135,74.9135,109.449,79.7104,98.6753,66.3669,79.7066,93.4371,111.023,121.492,112.954,94.2939,145.884,113.02,109.974,74.9057,74.9057,109.351,79.6909,98.6323,64.0387,79.6871,93.3941,110.789,120.746,0.000686646,0.000686646,0.000686646,0.000686646,0.000686646,0.000686646,0.000686646,0.000686646,0.000686646,0.000686646
140.212,110.88,197.653,140.489,135.556,85.1831,85.1831,139.835,90.4995,128.699,67.0783,90.4957,121.648,153.695,166.847,113.466,94.4931,146.497,113.626,110.458,74.9135,74.9135,109.449,79.7104,98.6753,66.3664,79.7066,93.4371,111.023,121.492,112.954,94.2939,145.884,113.02,109.974,74.9057,74.9057,109.351,79.6909,98.6323,66.2642,79.6871,93.3941,110.789,120.746,0.000556946,0.000556946,0.000556946,0.000556946,0.000556946,0.000556946,0.000556946,0.000556946,0.000556946,0.000556946
140.212,110.88,197.653,140.489,135.556,85.1831,85.1831,139.835,90.4995,128.699,67.0778,90.4957,121.648,153.695,166.847,113.466,94.4931,146.497,113.626,110.458,74.9135,74.9135,109.449,79.7104,98.6753,66.3664,79.7066,93.4371,111.023,121.492,112.954,94.2939,145.884,113.02,109.974,74.9057,74.9057,109.351,79.6909,98.6323,66.2637,79.6871,93.3941,110.789,120.746,0,0,0,0,0,0,0,0,0,0
140.212,110.88,197.653,140.489,135.556,85.1831,85.1831,139.835,90.4995,128.699,67.0778,90.4957,121.648,153.695,166.847,113.466,94.4931,146.497,113.626,110.458,74.9135,74.9135,109.449,79.7104,98.6753,66.3664,79.7066,93.4371,111.023,121.492,112.954,94.2939,145.884,113.02,109.974,74.9057,74.9057,109.351,79.6909,98.6323,66.2637,79.6871,93.3941,110.789,120.746,0.000190735,0.000190735,0.000190735,0.000190735,0.000190735,0.0001297,0.0001297,0.0001297,0.0001297,0.0001297
140.212,110.88,197.653,140.489,333.497,85.1831,85.1831,139.835,90.4995,128.699,67.0778,90.4957,121.648,153.695,166.847,113.466,94.4931,146.497,113.626,110.458,74.9135,74.9135,109.449,79.7104,98.6753,66.3664,79.7066,93.4371,111.023,121.492,112.954,94.2939,145.884,113.02,109.974,74.9057,74.9057,109.351,79.6909,98.6323,66.2637,79.6871,93.3941,110.789,120.746,0.000274658,0.000274658,0.000274658,0.000274658,0.000274658,0.000183105,0.000183105,0.000183105,0.000183105,0.000183105
140.212,110.88,197.653,140.489,333.497,85.1836,167.727,139.835,178.09,262.816,67.0778,90.4957,121.648,153.695,166.847,113.466,94.4931,146.497,113.626,110.458,74.9135,153.59,109.449,79.7104,98.6753,66.3664,79.7066,93.4371,111.023,121.492,112.954,94.2939,145.884,113.02,109.974,74.9057,74.9057,109.351,79.6909,98.6323,66.2637,79.6871,93.3941,110.789,120.746,0.00037384,0.00037384,0.00037384,0.00037384,0.00037384,0.00025177,0.00025177,0.00025177,0.00025177,0.00025177
140.212,110.88,197.653,140.489,333.497,85.1831,167.727,139.835,178.089,262.816,67.0778,90.4957,121.648,153.695,166.847,113.466,94.4931,146.497,113.626,110.458,74.9135,153.589,109.449,168.828,98.6753,66.3664,79.7066,93.4371,111.023,121.492,112.954,94.2939,145.884,113.02,109.974,74.9057,151.152,109.351,79.6909,98.6323,66.2637,79.6871,93.3941,110.789,120.746,0.00050354,0.00050354,0.00050354,0.00050354,0.00050354,0.000335693,0.000335693,0.000335693,0.000335693,0.000335693
140.212,110.88,197.653,140.489,333.497,85.1831,167.726,139.835,178.089,262.816,67.0783,90.4957,121.648,153.695,166.847,113.466,94.4931,146.497,113.626,110.458,74.9135,153.589,109.449,168.828,98.6753,66.3664,79.7066,93.4371,111.023,121.492,112.954,94.2939,145.884,113.02,109.974,74.9057,151.152,109.351,79.6909,98.6323,66.2637,79.6871,93.3941,110.789,120.746,0.000617981,0.000617981,0.000617981,0.000617981,0.000617981,0.000450134,0.000450134,0.000450134,0.000450134,0.000450134
140.212,110.88,197.653,140.489,333.497,85.1831,167.726,139.835,178.089,262.816,67.0778,90.4957,121.648,153.695,166.847,113.466,94.4931,146.497,113.626,110.458,76.6792,153.589,109.449,168.828,98.6753,66.3664,79.7066,93.4371,111.023,121.492,112.954,94.2939,145.884,113.02,274.923,74.9057,151.152,109.351,79.6909,98.6323,66.2637,79.6871,93.3941,110.789,120.746,0.00117493,0.00117493,0.00117493,0.00117493,0.00117493,0.00100708,0.00100708,0.00100708,0.00100708,0.00100708
140.212,110.88,197.653,263.103,333.497,85.1831,167.726,139.835,178.089,262.816,67.0778,90.4957,121.648,153.695,166.847,113.466,94.4931,146.497,231.732,110.458,76.6792,153.589,109.449,168.828,98.6753,66.3664,79.7066,93.4371,111.023,121.492,112.955,94.2939,145.884,226.345,274.923,76.0424,151.152,109.351,79.6909,98.6323,66.2637,79.6871,93.3941,110.789,120.746,0.00173187,0.00173187,0.00173187,0.00173187,0.00173187,0.00156403,0.00156403,0.00156403,0.00156403,0.00156403
140.212,110.88,197.653,263.102,333.497,82.3628,167.726,139.835,178.089,262.816,67.0778,90.4957,121.648,153.695,166.847,113.466,94.4931,146.497,231.731,110.458,76.6792,153.589,109.449,168.828,98.6753,66.3664,79.7066,93.4371,111.023,121.492,112.954,94.2939,145.884,226.345,274.923,76.0424,151.152,109.351,79.6909,98.6323,66.2637,79.6871,93.3941,110.789,120.746,0.00228882,0.00228882,0.00228882,0.00228882,0.00228882,0.00212097,0.00212097,0.00212097,0.00212097,0.00212097
140.212,110.88,197.653,263.102,333.497,82.3628,167.727,139.835,178.089,262.816,67.0778,90.4957,121.648,153.695,166.847,113.466,94.4931,146.497,231.731,110.458,76.6792,153.589,109.449,168.828,98.6753,66.3664,79.7066,93.4371,111.023,121.492,112.954,94.2939,145.884,226.345,274.923,76.0424,151.152,109.351,166.566,98.6323,66.2637,79.6871,93.3941,110.789,120.746,0.00284576,0.00284576,0.00284576,0.00284576,0.00284576,0.00267792,0.00267792,0.00267792,0.00267792,0.00267792
140.212,110.88,197.653,263.102,333.497,82.3628,167.726,221.629,178.089,262.816,67.0778,90.4957,121.648,153.695,166.847,113.466,94.4931,146.497,231.731,110.458,105.602,153.589,109.449,168.828,98.6753,66.3664,79.7066,93.4371,111.023,121.492,112.954,94.2939,145.884,226.345,274.923,76.0424,151.152,109.351,166.566,222.047,66.2637,79.6871,93.3941,110.789,120.746,0.00297546,0.00297546,0.00297546,0.00297546,0.00297546,0.00280762,0.00280762,0.00280762,0.00280762,0.00280762
140.212,110.88,197.653,263.102,333.497,82.3628,167.726,221.628,178.089,262.816,67.0778,90.4957,121.648,153.695,166.847,113.466,91.7548,146.497,231.731,110.458,105.601,153.589,109.449,168.828,227.023,66.3664,79.7066,93.4371,111.023,121.492,112.954,90.7001,145.884,226.345,274.923,105.57,151.152,109.351,166.566,222.046,66.2637,79.6871,93.3941,110.789,120.746,0.00310516,0.00310516,0.00310516,0.00310516,0.00310516,0.00293732,0.00293732,0.00293732,0.00293732,0.00293732
140.212,110.88,197.653,263.102,333.497,82.3628,167.726,221.628,178.089,262.816,67.0778,90.4957,121.648,153.695,166.847,113.466,91.7548,146.497,231.731,282.947,105.601,153.589,109.449,168.828,227.023,66.3664,79.7066,93.4371,111.023,121.492,112.954,90.7001,145.884,226.345,274.923,105.57,151.152,109.351,166.566,222.046,66.2637,79.6871,93.3941,110.789,120.746,0.00323486,0.00323486,0.00323486,0.00323486,0.00323486,0.00306702,0.00306702,0.00306702,0.00306702,0.00306702
140.212,108.087,197.653,263.102,333.497,82.3628,167.726,221.628,178.089,262.816,67.0778,90.4957,121.648,153.695,166.847,113.466,91.7548,146.497,231.731,282.946,105.601,153.589,201.5,168.828,227.023,66.3664,79.7066,93.4371,111.023,121.492,112.954,90.7001,145.884,226.345,274.923,105.57,151.152,197.461,166.566,222.046,66.2637,79.6871,93.3941,110.789,120.746,0.00327301,0.00327301,0.00327301,0.00327301,0.00327301,0.00310516,0.00310516,0.00310516,0.00310516,0.00310516
140.212,108.087,197.653,263.102,333.497,82.3628,167.726,221.628,178.089,262.816,67.0778,90.4957,121.648,153.695,166.847,113.466,91.7548,146.497,231.731,282.946,105.601,153.589,201.499,168.828,227.023,66.3664,79.7066,93.4371,111.023,121.492,112.954,90.7001,145.884,226.345,274.923,105.57,151.152,197.46,166.566,222.046,66.2637,79.6871,93.3941,110.789,120.746,0.0032959,0.0032959,0.0032959,0.0032959,0.0032959,0.00312805,0.00312805,0.00312805,0.00312805,0.00312805
140.212,108.087,197.653,263.102,333.497,82.3628,167.726,221.628,178.089,262.816,67.0778,90.4957,121.648,153.695,166.847,113.466,91.7548,146.497,231.731,282.946,105.601,153.589,201.499,168.828,227.023,66.3664,79.7066,93.4371,111.023,121.492,112.954,90.7001,145.884,226.345,274.923,105.57,151.152,197.46,166.566,222.046,66.2637,79.6871,93.3941,110.789,120.746,0.00341034,0.00341034,0.00341034,0.00341034,0.00341034,0.00324249,0.00324249,0.00324249,0.00324249,0.00324249
140.212,108.087,197.653,263.102,333.497,82.3628,167.726,221.628,178.089,262.816,67.0778,90.4957,121.648,153.695,166.847,94.0439,91.7548,146.497,231.731,282.946,105.601,153.589,201.499,168.828,227.023,66.3664,79.7066,93.4371,111.023,121.492,112.954,90.7001,145.884,226.345,274.923,105.57,151.152,197.46,166.566,222.046,66.2637,79.6871,93.3941,110.789,120.746,0.00396729,0.00396729,0.00396729,0.00396729,0.00396729,0.00379944,0.00379944,0.00379944,0.00379944,0.00379944
140.212,108.087,197.653,263.102,333.497,82.3628,167.726,221.628,178.089,262.816,67.0778,90.4957,121.648,153.695,166.847,94.0439,108.986,146.497,231.731,282.946,105.601,153.589,201.499,168.828,227.023,66.3664,79.7066,93.4371,111.023,121.492,91.8173,108.923,89.1493,226.345,274.923,105.57,151.152,197.46,166.566,222.046,66.2637,79.6871,93.3941,110.789,120.746,0.00452423,0.00452423,0.00452423,0.00452423,0.00452423,0.00435638,0.00435638,0.00435638,0.00435638,0.00435638
140.212,108.087,197.653,263.102,333.497,82.3628,167.726,221.628,178.089,262.816,67.0778,90.4957,121.648,153.695,166.847,94.0439,108.985,146.497,231.731,282.946,105.601,153.589,201.499,100.425,227.023,66.3664,79.7066,93.4371,111.023,121.492,91.8173,108.923,89.1493,226.345,274.923,105.57,151.152,197.46,166.566,222.046,66.2637,79.6871,93.3941,110.789,120.746,0.00508118,0.00508118,0.00508118,0.00508118,0.00508118,0.00491333,0.00491333,0.00491333,0.00491333,0.00491333
140.212,108.087,197.653,263.102,333.497,82.3628,167.726,221.628,178.089,262.816,67.0778,90.4957,121.648,153.695,166.847,94.0439,108.985,146.497,231.731,282.946,105.601,153.589,201.499,100.425,227.023,66.4934,79.7066,93.4371,111.023,121.492,91.8173,108.923,89.1493,226.345,274.923,105.57,151.152,197.46,166.566,222.046,66.2637,79.6871,93.3941,110.789,120.746,0.00563812,0.00563812,0.00563812,0.00563812,0.00563812,0.00547028,0.00547028,0.00547028,0.00547028,0.00547028
140.212,108.087,197.653,263.102,333.497,82.3628,167.726,221.628,178.089,262.816,67.0778,90.4957,121.648,153.695,166.847,108.985,108.985,146.497,231.731,282.946,105.601,153.589,201.499,100.425,227.023,66.4934,79.7066,93.4371,111.023,121.492,91.8173,108.923,128.294,226.345,274.923,105.57,151.152,197.46,166.566,222.046,66.2637,79.6871,93.3941,110.789,120.746,0.00576782,0.00576782,0.00576782,0.00576782,0.00576782,0.00559998,0.00559998,0.00559998,0.00559998,0.00559998
98.4579,108.087,197.653,263.102,333.497,99.769,167.726,221.628,178.089,262.816,67.0778,90.4957,121.648,153.695,166.847,108.985,108.985,146.497,231.731,282.946,105.601,105.601,201.499,100.425,227.023,66.4934,79.7066,93.4371,111.023,121.492,108.923,108.923,128.294,226.345,274.923,105.57,151.152,197.46,166.566,222.046,66.2637,79.6871,93.3941,110.789,120.746,0.00589752,0.00589752,0.00589752,0.00589752,0.00589752,0.00572968,0.00572968,0.00572968,0.00572968,0.00572968
98.4579,108.087,197.653,263.102,333.497,99.7695,167.726,221.628,178.089,262.816,67.0778,90.4957,121.648,153.695,166.847,108.985,108.985,146.497,158.579,282.946,105.601,105.601,201.499,100.425,227.023,66.4934,79.7066,93.4371,111.023,121.492,108.923,108.923,128.294,226.345,274.923,105.57,151.152,197.46,166.566,222.046,66.2637,79.6871,93.3941,110.789,120.746,0.00602722,0.00602722,0.00602722,0.00602722,0.00602722,0.00585938,0.00585938,0.00585938,0.00585938,0.00585938
98.4579,108.087,197.653,263.102,333.497,99.769,167.726,221.628,178.089,262.816,67.0778,90.4957,121.648,153.695,166.848,108.985,108.985,146.497,158.579,282.946,105.601,105.601,201.499,100.425,227.023,66.4934,79.7066,93.4371,111.023,121.492,108.923,108.923,128.294,156.841,274.923,105.57,151.152,197.46,166.566,222.046,66.2637,79.6871,93.3941,110.789,120.746,0.00606537,0.00606537,0.00606537,0.00606537,0.00606537,0.00589752,0.00589752,0.00589752,0.00589752,0.00589752
98.4579,108.087,197.653,263.102,333.497,99.769,167.726,221.628,178.089,262.816,67.0778,90.4957,121.648,153.695,166.847,108.985,108.985,146.497,158.579,282.946,105.601,105.601,201.499,100.425,227.023,66.4934,79.7066,93.4371,111.023,121.492,108.923,108.923,128.294,156.841,274.923,105.57,105.57,197.46,166.566,222.046,66.2637,79.6871,93.3941,110.789,120.746,0.00608826,0.00608826,0.00608826,0.00608826,0.00608826,0.00592041,0.00592041,0.00592041,0.00592041,0.00592041
98.4579,108.087,99.0048,263.102,333.497,99.769,167.726,221.628,178.089,262.816,67.0778,90.4961,121.648,153.695,166.847,108.985,108.985,146.497,158.579,282.946,105.601,105.601,201.499,100.425,227.023,66.4934,79.7066,93.4371,111.023,121.492,108.923,108.923,128.294,156.841,274.923,105.57,105.57,197.46,166.566,222.046,66.3536,79.6871,93.3941,110.789,120.746,0.0062027,0.0062027,0.0062027,0.0062027,0.0062027,0.0059433,0.0059433,0.0059433,0.0059433,0.0059433
98.4579,108.087,99.0048,263.102,333.497,99.769,167.726,221.628,178.089,262.816,67.0778,90.4957,121.648,153.695,166.847,108.985,108.985,146.497,158.579,282.946,105.601,105.601,105.601,100.425,227.023,66.4934,79.7066,93.4371,111.023,121.492,108.923,108.923,128.294,156.841,108.923,105.57,105.57,197.46,166.566,222.046,66.3536,79.6871,93.3941,110.789,120.746,0.00675964,0.00675964,0.00675964,0.00675964,0.00675964,0.00596619,0.00596619,0.00596619,0.00596619,0.00596619
98.4579,108.087,99.0048,263.102,333.497,99.769,167.726,221.628,178.089,262.816,67.0778,90.4957,121.648,153.695,166.847,108.985,108.985,146.497,158.579,282.946,105.601,105.601,105.601,100.425,227.023,66.4934,79.7066,93.4371,111.023,121.492,108.923,108.923,128.294,156.841,108.923,105.57,105.57,105.57,166.566,222.046,66.3536,79.6871,93.3941,110.789,120.746,0.00731659,0.00731659,0.00731659,0.00731659,0.00731659,0.00605011,0.00605011,0.00605011,0.00605011,0.00605011
98.4579,108.087,99.0048,263.102,333.497,99.769,167.726,221.628,178.089,262.816,67.0778,90.4957,121.648,153.695,166.847,108.985,108.985,146.497,158.579,282.946,105.601,105.601,105.601,100.425,227.023,66.4934,79.7066,93.4371,111.023,121.492,108.923,108.923,128.294,156.841,108.923,105.57,105.57,105.57,166.566,222.046,66.3536,79.6871,93.3941,110.789,149.926,0.00787354,0.00787354,0.00787354,0.00787354,0.00787354,32.0099,32.0099,32.0099,32.0099,32.0099
98.4579,108.087,99.0048,263.102,333.497,99.769,167.726,221.628,178.089,262.816,67.0778,90.4961,121.648,153.695,166.847,108.985,108.985,146.497,158.579,282.946,105.601,105.601,105.601,100.425,227.023,66.4934,79.7066,93.4371,111.023,121.492,108.923,108.923,128.294,156.841,108.923,105.57,105.57,105.57,166.566,222.046,66.3536,79.6871,93.3941,110.789,149.925,0.00843048,0.00843048,0.00843048,0.00843048,0.00843048,64.0138,64.0138,64.0138,64.0138,64.0138
98.4579,105.001,99.0048,263.102,333.497,99.769,167.726,221.628,178.089,262.816,67.0778,90.4957,121.648,153.695,158.476,108.985,108.985,90.4618,158.579,282.946,105.601,105.601,105.601,100.425,227.023,66.4934,79.7066,93.4371,111.023,121.492,108.923,108.923,128.294,156.841,108.923,105.57,105.57,105.57,100.425,222.046,66.3536,79.6871,93.3941,110.789,149.925,0.00856018,0.00856018,0.00856018,0.00856018,0.00856018,64.0138,64.0138,64.0138,64.0138,64.0138
98.4579,105.001,99.0048,263.102,333.497,99.769,167.726,221.628,178.089,262.816,67.0778,90.4957,121.648,153.695,158.476,108.985,108.985,90.4618,158.579,282.946,105.601,105.601,105.601,100.425,227.023,66.4934,79.7066,93.4371,111.023,121.492,108.923,108.923,128.294,156.841,108.923,105.57,105.57,105.57,100.425,100.425,66.3536,79.6871,93.3941,110.789,149.925,0.00868988,0.00868988,0.00868988,0.00868988,0.00868988,64.0139,64.0139,64.0139,64.0139,64.0139
98.4579,105.001,99.0048,263.102,333.497,99.769,167.726,221.628,178.089,262.816,67.3805,90.4957,121.648,153.695,158.476,108.985,108.985,90.4618,158.579,282.946,105.601,105.601,105.601,100.425,227.023,66.4934,79.7066,93.4371,111.023,121.492,108.923,108.923,128.294,156.841,108.923,105.57,105.57,105.57,100.425,100.425,66.3536,79.6871,93.3941,110.789,149.925,0.00881958,0.00881958,0.00881958,0.00881958,0.00881958,64.0247,64.0247,64.0247,64.0247,64.0247
98.4584,105.001,99.0048,263.102,105.001,99.769,167.726,221.628,178.089,262.816,67.3805,90.4957,121.648,153.695,158.476,108.985,108.985,90.4618,158.579,282.946,105.601,105.601,105.601,100.425,100.425,66.4934,79.7066,93.4371,111.023,121.492,108.923,108.923,128.294,156.841,108.923,105.57,105.57,105.57,100.425,100.425,66.3536,79.6871,93.3941,110.789,149.925,0.00885773,0.00885773,0.00885773,0.00885773,0.00885773,64.0274,64.0274,64.0274,64.0274,64.0274
98.4579,105.001,99.0048,263.102,105.001,99.769,167.726,221.628,178.089,262.816,67.3805,90.4957,121.648,153.695,158.476,108.985,108.985,90.4618,158.579,282.946,105.601,105.601,105.601,100.425,100.425,66.4934,79.7066,93.4371,111.023,121.492,108.923,108.923,128.294,156.841,108.923,105.57,105.57,105.57,100.426,100.425,66.3536,79.6871,93.3941,110.789,149.925,0.00888062,0.00888062,0.00888062,0.00888062,0.00888062,64.0302,64.0302,64.0302,64.0302,64.0302
98.4579,105.001,127.333,263.102,105.001,99.769,167.726,221.628,178.089,262.816,67.3805,90.4957,121.648,153.695,158.476,108.985,108.985,129.704,158.579,282.946,105.601,105.601,105.601,100.425,100.425,66.4934,79.7066,93.4371,111.023,121.492,108.923,108.923,128.294,156.841,108.923,105.57,105.57,105.57,100.425,100.425,66.3536,79.6871,93.3941,110.789,149.925,0.0089035,0.0089035,0.0089035,0.0089035,0.0089035,64.0356,64.0356,64.0356,64.0356,64.0356
98.4579,105.001,127.333,263.102,105.001,99.769,167.726,221.628,178.089,262.816,67.3805,90.4957,121.648,153.695,158.476,108.985,108.985,129.704,158.579,108.985,105.601,105.601,105.601,100.425,100.425,66.4934,79.7066,93.4371,111.023,151.398,108.923,108.923,128.294,156.841,108.923,105.57,105.57,105.57,100.425,100.425,66.3536,79.6871,93.3941,110.789,149.925,0.00892639,0.00892639,0.00892639,0.00892639,0.00892639,64.0356,64.0356,64.0356,64.0356,64.0356
98.4579,105.001,127.333,263.102,182.04,99.769,167.726,221.628,178.089,262.816,67.3805,90.4957,121.648,153.695,158.476,108.985,108.985,129.704,158.579,108.985,105.601,105.601,105.601,100.425,100.425,66.4934,79.7066,93.4371,111.023,151.398,108.923,108.923,128.294,156.841,108.923,105.57,105.57,105.57,100.425,100.425,66.3536,79.6871,93.3941,110.789,149.925,0.00905609,0.00905609,0.00905609,0.00905609,0.00905609,64.0247,64.0247,64.0247,64.0247,64.0247
98.4579,105.001,127.333,263.102,182.04,99.769,167.726,221.628,178.089,91.1128,67.3805,66.5668,121.648,153.695,158.476,108.985,108.985,129.704,158.579,108.985,105.601,105.601,105.601,100.425,100.425,66.4934,79.7066,93.4371,111.023,151.398,108.923,108.923,128.294,156.841,108.923,105.57,105.57,105.57,100.425,100.425,66.3536,79.6876,93.3941,110.789,149.925,32.0129,32.0129,32.0129,32.0129,32.0129,64.0248,64.0248,64.0248,64.0248,64.0248
98.4579,105.001,127.333,263.102,182.04,99.7695,167.726,221.628,178.089,91.1128,67.3805,66.5668,69.4683,153.695,158.476,108.985,108.985,129.704,158.579,108.985,105.601,105.601,105.601,100.425,100.425,66.4934,79.7066,93.4371,111.023,151.398,108.923,108.923,128.294,156.841,108.923,105.57,105.57,105.57,100.425,100.425,66.3536,79.6871,93.3941,110.789,149.925,64.0168,64.0168,64.0168,64.0168,64.0168,64.0249,64.0249,64.0249,64.0249,64.0249
105.001,105.001,127.333,263.102,182.04,99.769,167.726,221.628,178.089,91.1133,67.3805,66.5668,69.4683,153.695,158.476,108.985,108.985,129.704,158.579,108.985,105.601,105.601,105.601,100.425,100.425,66.4934,79.7066,93.4371,111.023,151.398,108.923,108.923,128.294,156.841,108.923,105.57,105.57,105.57,100.425,100.425,66.3536,79.6871,93.3941,110.789,149.925,64.0168,64.0168,64.0168,64.0168,64.0168,64.0387,64.0387,64.0387,64.0387,64.0387
105.001,105.001,127.333,263.102,182.04,99.7695,167.726,221.628,178.089,91.1128,67.3805,66.5668,69.4683,153.695,158.476,108.985,108.985,129.704,158.579,108.985,105.601,105.601,105.601,100.425,100.425,66.4934,79.7066,93.4371,111.023,151.398,108.923,108.923,82.0282,156.841,108.923,105.57,105.57,105.57,100.425,100.425,66.3536,79.6871,93.3941,110.789,149.925,64.0169,64.0169,64.0169,64.0169,64.0169,64.0421,64.0421,64.0421,64.0421,64.0421
105.001,105.001,127.333,263.102,182.04,99.769,167.726,221.628,178.089,91.1128,67.3805,66.5668,69.4683,153.695,158.476,108.985,108.985,129.704,158.579,108.985,105.601,105.601,105.601,100.426,100.425,66.4934,79.7066,93.4371,111.023,151.398,108.923,108.923,82.0282,156.841,108.923,105.57,105.57,105.57,100.425,100.425,66.3536,79.6871,93.3941,110.789,149.925,64.0277,64.0277,64.0277,64.0277,64.0277,64.0456,64.0456,64.0456,64.0456,64.0456
105.001,105.001,127.333,263.102,182.04,99.769,167.726,221.628,178.089,91.1133,67.3805,66.5668,69.4683,153.695,158.476,108.985,108.985,129.704,158.579,108.985,105.601,105.601,105.601,100.425,100.425,66.4934,79.7066,93.4371,111.023,151.398,108.923,108.923,66.1776,156.841,108.923,105.57,105.57,105.57,100.425,100.425,66.3536,79.6871,93.3941,110.789,149.925,64.0304,64.0304,64.0304,64.0304,64.0304,64.0525,64.0525,64.0525,64.0525,64.0525
105.001,105.001,127.333,263.103,182.04,99.769,99.769,221.628,178.089,269.249,67.3805,66.5668,69.4683,153.695,158.476,108.985,108.985,129.704,158.579,108.985,105.601,105.601,105.601,100.425,100.425,66.4934,79.7066,93.4371,111.023,151.398,108.923,108.923,64.0595,156.841,154.774,105.57,105.57,105.57,100.425,100.425,66.3536,79.6871,93.3941,110.789,149.925,64.0332,64.0332,64.0332,64.0332,64.0332,64.0387,64.0387,64.0387,64.0387,64.0387
105.001,82.9267,127.333,263.102,182.04,99.769,99.769,221.628,178.089,269.249,67.3805,66.5668,69.4683,153.695,158.476,108.985,108.985,129.704,158.579,108.985,105.601,105.601,105.601,124.082,100.425,66.4934,79.7066,93.4371,111.023,151.398,108.923,108.923,,156.841,154.774,105.57,105.57,105.57,100.425,100.425,66.3536,79.6871,93.3941,110.789,149.925,64.0386,64.0386,64.0386,64.0386,64.0386,66.2637,79.6871,93.3941,110.789,120.746
105.001,82.9267,127.333,177.352,182.04,99.769,99.769,221.628,178.089,,67.3805,66.5668,69.4683,153.695,158.476,108.985,108.985,129.705,85.454,108.985,105.601,105.601,105.601,64.0425,100.425,66.4934,79.7066,93.4371,111.023,151.398,108.923,108.923,,156.841,154.774,105.57,105.57,304.691,100.425,100.425,66.3536,79.6871,93.3941,110.789,149.925,64.0386,64.0386,64.0386,64.0386,64.0386,74.3222,266.582,382.734,545.875,590.546
105.001,82.9267,127.333,177.352,182.04,99.769,99.769,221.628,178.089,,67.3805,65.3571,68.4722,89.2066,158.476,108.985,108.985,129.704,85.454,108.985,105.601,105.601,105.601,,100.425,66.4934,79.7066,93.4371,111.023,151.398,108.923,108.923,,156.841,154.774,105.57,105.57,304.691,100.425,100.426,66.3536,79.6871,93.3941,110.789,184.296,64.0277,64.0277,64.0277,64.0277,64.0277,74.3222,266.582,382.734,545.875,590.546
105.001,82.9267,127.333,177.352,182.04,99.769,99.769,221.628,178.089,,67.3805,64.0387,64.0387,89.2066,158.476,108.985,108.985,129.704,85.454,108.985,105.601,105.601,304.691,,100.425,66.4934,79.7066,93.4371,111.023,151.398,108.923,108.923,,156.841,154.774,105.57,105.57,,100.425,100.425,66.3536,79.6871,93.3941,110.789,184.296,64.0278,64.0278,64.0278,64.0278,64.0278,72.0972,250.933,353.378,499.125,533.839
105.001,82.9267,127.333,177.352,182.04,99.769,99.769,221.628,178.089,,67.3805,,,89.2066,158.476,108.985,108.985,129.704,85.454,108.985,105.601,105.601,304.691,,100.425,64.099,79.7066,93.4371,111.023,151.398,108.923,75.954,,156.841,154.774,105.57,105.57,,100.425,100.425,66.3536,79.6871,93.3941,110.789,,64.0279,64.0279,64.0279,64.0279,64.0279,74.4121,252.832,357.312,515.851,619.726
105.001,82.9267,127.333,177.352,182.04,99.769,99.769,221.628,178.089,,67.3805,,,89.2066,158.476,108.985,108.985,129.704,78.7978,108.985,105.601,105.601,,,100.425,64.0387,79.7066,93.4371,111.023,151.398,108.923,75.954,,156.841,154.774,105.57,105.57,,100.425,100.425,66.3536,79.6871,93.3941,110.789,,64.0417,64.0417,64.0417,64.0417,64.0417,84.2831,259.895,371.578,581.437,850.355
105.001,82.9267,127.333,177.352,182.04,99.769,99.769,221.628,178.089,,67.3805,,,89.2066,158.476,108.985,108.985,129.704,64.0595,108.985,105.601,105.601,,,100.425,,79.7066,93.4371,111.023,151.398,108.923,75.954,,156.841,154.774,105.57,105.57,,100.425,100.425,66.3536,79.6871,93.3941,110.789,,64.0452,64.0452,64.0452,64.0452,64.0452,84.2831,257.996,367.644,581.437,850.355
105.001,82.9267,127.333,177.352,182.04,99.769,99.769,221.628,178.089,,67.3805,,,89.2066,158.476,108.985,76.5556,129.704,,108.985,105.601,105.601,,,100.425,,79.7071,93.4371,111.023,151.398,64.1116,75.954,,156.841,154.774,105.57,105.57,,100.425,100.425,66.3536,79.6871,93.3941,110.789,,64.0486,64.0486,64.0486,64.0486,64.0486,81.9683,259.314,372.078,564.71,764.468
105.001,82.9267,127.333,177.352,182.04,99.769,99.769,221.628,178.089,,67.3805,,,89.2066,158.476,64.9711,76.5556,129.704,,108.985,105.601,105.601,,,100.425,,79.7066,93.4371,111.023,151.398,64.0595,75.954,,84.2358,154.774,105.57,105.57,,100.425,100.425,66.3536,79.6871,93.3941,110.789,,64.0555,64.0555,64.0555,64.0555,64.0555,82.0285,257.996,367.644,579.64,884.726
105.001,82.9267,127.333,177.352,182.04,99.769,99.769,221.628,178.089,,67.3805,,,89.2066,158.476,64.1116,76.5556,129.704,,108.985,105.601,105.601,,,100.425,,79.7066,93.4371,111.023,151.398,,66.4246,,84.2353,154.774,105.57,105.57,,100.425,100.425,66.3536,79.6871,93.3941,110.789,,64.0417,64.0417,64.0417,64.0417,64.0417,81.9683,257.996,367.644,564.71,884.726
105.001,82.9267,127.333,177.352,182.04,99.769,99.769,221.628,178.089,,67.3805,,,89.2066,158.476,64.0595,76.5556,129.704,,108.985,105.601,105.601,,,100.425,,79.7066,93.4371,111.023,151.398,,64.0595,,84.2353,154.774,105.57,105.57,,100.425,100.425,66.3536,79.6871,93.3941,110.789,,64.0417,64.0417,64.0417,64.0417,64.0417,81.9682,257.995,367.644,564.71,764.468
105.001,82.9267,127.333,177.352,166.466,99.769,99.769,221.628,91.1128,,67.3805,,,89.2066,158.476,,66.4246,129.704,,108.985,105.601,105.601,,,100.425,,79.7066,93.4371,111.023,151.398,,,,84.2353,154.774,105.57,105.57,,100.425,100.425,66.3536,79.6871,93.3941,110.789,,64.0418,64.0418,64.0418,64.0418,64.0418,81.9681,257.995,367.644,564.71,764.468
105.001,82.9267,127.333,177.352,64.0595,99.769,99.769,99.769,91.1128,,67.3805,,,89.2071,158.476,,64.0595,129.704,,108.986,105.601,105.601,,,100.425,,79.7066,93.4371,111.023,184.296,,,,78.7978,154.774,105.57,105.57,,100.425,100.425,66.3536,79.6871,93.3941,110.789,,64.0425,64.0425,64.0425,64.0425,64.0425,81.9681,257.995,367.644,564.71,764.468
105.001,66.4246,127.333,177.352,,99.769,99.769,99.769,91.1128,,67.3805,,,89.2066,158.476,,,129.704,,108.985,105.601,105.601,,,100.425,,79.7066,93.4371,111.023,184.296,,,,64.0595,154.774,105.57,105.57,,100.425,100.425,66.3536,79.6871,93.3941,110.789,,64.0427,64.0427,64.0427,64.0427,64.0427,81.9679,257.995,367.644,564.71,764.468
105.001,64.0595,127.333,177.352,,99.769,99.769,99.769,91.1128,,67.3805,,,89.2066,158.476,,,129.704,,108.985,105.601,105.601,,,100.425,,79.7066,93.4371,81.4058,,,,,,166.466,105.57,105.57,,100.425,100.425,66.3536,79.6871,67.9724,110.789,,64.0428,64.0428,64.0428,64.0428,64.0428,81.9679,257.995,367.644,564.71,764.468
105.001,,88.4618,177.352,,99.769,99.7695,99.769,91.1133,,67.3805,,,89.2066,158.476,,,129.704,,108.985,105.601,105.601,,,100.425,,79.7066,93.4371,81.4058,,,,,,64.0595,105.57,105.57,,100.425,100.425,66.3536,79.6871,67.9724,80.7652,,64.0432,64.0432,64.0432,64.0432,64.0432,81.9678,257.995,367.644,564.71,764.468
105.001,,88.4618,177.352,,99.769,99.769,99.769,91.1128,,67.3805,,,89.2066,158.476,,,129.704,,108.985,105.601,105.601,,,100.425,,79.7066,93.4371,81.4058,,,,,,,105.57,105.57,,100.425,100.425,66.3536,79.6871,67.9724,80.7652,,64.0425,64.0425,64.0425,64.0425,64.0425,81.9677,257.995,367.643,564.71,764.468
105.001,,88.4618,177.352,,99.769,99.769,99.769,91.1128,,67.3805,,,89.2066,158.476,,,129.704,,108.985,105.601,105.601,,,100.425,,79.7066,93.4371,81.4058,,,,,,,105.57,105.57,,100.425,100.425,66.3536,79.6871,67.9724,80.7652,,74.9057,74.9057,109.351,79.6909,98.6323,81.9677,257.995,367.643,564.71,764.468
105.001,,88.4618,177.352,,99.769,99.769,99.7695,91.1128,,67.3805,,,89.2066,158.476,,,129.704,,108.985,105.601,105.601,,,100.425,,79.7066,93.4371,81.4058,,,,,,,105.57,105.57,,100.425,100.425,66.3536,79.6871,67.9724,80.7652,,185.261,185.261,642.277,266.585,465.749,81.9677,,,564.71,764.468
105.001,,88.4618,177.352,,99.769,99.7695,99.769,91.1128,,67.3805,,,89.2066,158.476,,,129.704,,108.985,105.601,105.601,,,100.425,,79.7066,93.4371,81.4058,,,,,,,105.57,105.57,,100.425,100.425,66.3536,79.6871,68.4722,80.7652,,185.261,185.261,642.277,266.585,465.749,,,,,764.468
105.001,,88.4618,177.352,,99.769,99.769,99.769,91.1128,,67.3805,,,89.2066,158.476,,,129.704,,108.985,105.601,105.601,,,269.249,,79.7066,93.4371,81.4063,,,,,,,105.57,105.57,,100.425,100.425,66.3536,79.6871,64.0387,80.7652,,174.398,174.398,596.968,250.937,431.16,,,,,
105.001,,88.4618,177.353,,99.769,99.7695,99.769,91.1128,,67.3805,,,89.2066,158.476,,,129.704,,108.985,105.601,105.601,,,269.249,,79.7066,93.4371,81.4058,,,,,,,105.57,105.57,,100.425,100.425,66.3536,79.6871,,80.7652,,186.398,261.507,730.386,353.46,589.163,,,,,
105.001,,88.4618,177.352,,99.769,99.7695,99.769,91.1128,,67.3805,,,89.2066,158.476,,,129.704,,108.985,105.601,105.601,,,,,79.7066,93.4371,81.4058,,,,,,,105.57,105.57,,100.425,100.425,64.099,79.6871,,80.7652,,233.046,515.714,1124.65,635.624,1084.07,,,,,
105.001,,88.4618,177.352,,99.769,99.769,99.769,91.1128,,67.3805,,,89.2066,158.476,,,129.704,,108.985,105.601,105.601,,,,,79.7066,93.4371,81.4058,,,,,,,105.57,105.57,,100.425,100.425,64.0387,79.6871,,80.7652,,233.046,515.714,1124.65,635.624,1084.07,,,,,
105.001,,88.4618,177.352,,99.769,99.769,99.769,91.1128,,67.3805,,,89.2066,158.476,,,129.704,,160.372,69.1753,105.601,,,,,79.7066,93.4371,81.4058,,,,,,,105.57,105.57,,100.425,100.425,,79.6871,,80.7652,,221.046,428.605,991.234,533.101,926.062,,,,,
105.001,,88.4618,177.352,,99.769,99.7695,99.769,91.1128,,67.3805,,,89.2066,158.476,,,129.704,,160.372,64.0425,105.601,,,,,79.7066,93.4371,81.4058,,,,,,,105.57,105.57,,100.425,100.425,,79.6871,,80.7652,,262.574,470.132,1032.76,569.484,962.445,,,,,
105.001,,88.4618,177.352,,99.769,99.7695,99.769,91.1128,,67.3805,,,89.2066,158.476,,,129.704,,160.372,,105.601,,,,,66.0621,93.4371,81.4058,,,,,,,105.57,105.57,,100.425,100.425,,79.6871,,80.7652,,957.781,1165.34,1727.97,1225.83,1618.79,,,,,
105.001,,66.1776,177.352,,99.769,99.769,304.691,91.1128,,67.3805,,,89.2066,158.476,,,129.704,,160.372,,105.601,,,,,66.0621,93.4371,81.4058,,,,,,,105.57,105.57,,100.425,100.425,,79.6871,,80.7652,,957.781,1165.34,1727.97,1225.83,1618.79,,,,,
105.001,,64.0595,177.353,,99.769,99.769,304.691,91.1128,,67.3805,,,89.2066,158.476,,,129.704,,160.372,,105.601,,,,,66.0621,93.4371,81.4058,,,,,,,69.1753,105.57,,100.425,269.249,,79.6871,,80.7652,,916.253,1123.81,1686.44,1189.45,1582.41,,,,,
105.001,,,177.352,,99.769,99.769,,91.1128,,67.3805,,,89.2066,158.476,,,129.704,,160.372,,105.601,,,,,66.0621,93.4371,78.9683,,,,,,,64.0425,105.57,,100.425,269.249,,79.6871,,80.7652,,921.386,1158.37,1927.09,1249.49,1787.62,,,,,
105.001,,,177.352,,99.769,99.769,,91.1128,,67.3805,,,78.9683,158.476,,,129.704,,160.372,,105.601,,,,,65.3571,68.1792,64.0387,,,,,,,,105.57,,100.425,,,65.9379,,78.9683,,916.253,1123.81,1927.09,1249.49,1787.62,,,,,
65.1185,,,177.352,,99.769,99.769,,91.1128,,67.3805,,,64.0387,158.476,,,129.704,,160.372,,105.601,,,,,64.0387,68.1792,,,,,,,,,105.57,,100.425,,,65.9379,,64.0387,,916.253,1123.81,1686.44,1189.45,1582.41,,,,,
65.1185,,,177.352,,99.769,99.769,,91.1133,,67.3805,,,,158.476,,,129.704,,160.372,,105.601,,,,,,68.1792,,,,,,,,,105.57,,100.425,,,65.9379,,,,916.253,1123.81,1686.44,1189.45,1582.41,,,,,
64.1116,,,177.352,,99.769,99.769,,91.1128,,67.3805,,,,158.476,,,83.1767,,160.372,,105.601,,,,,,68.1792,,,,,,,,,105.57,,100.425,,,65.9379,,,,916.253,1123.81,1686.44,1189.45,1582.41,,,,,
64.0595,,,177.352,,99.769,99.769,,91.1128,,67.3805,,,,158.476,,,83.1767,,160.372,,105.601,,,,,,68.1792,,,,,,,,,105.57,,100.425,,,65.3571,,,,916.253,1123.81,1686.44,1189.45,1582.41,,,,,
,,,91.3095,,99.769,99.769,,91.1128,,67.3805,,,,158.477,,,83.1767,,160.372,,105.601,,,,,,68.4722,,,,,,,,,105.57,,100.425,,,64.0387,,,,916.253,1123.81,1686.44,1189.45,1582.41,,,,,
,,,91.3095,,99.769,99.769,,91.1128,,67.3805,,,,158.476,,,83.1767,,160.372,,98.601,,,,,,64.0387,,,,,,,,,105.57,,100.425,,,,,,,916.253,1123.81,1686.44,1189.45,1582.41,,,,,
,,,91.3095,,99.769,98.601,,124.082,,67.3805,,,,158.476,,,83.1767,,160.372,,64.0425,,,,,,,,,,,,,,,105.57,,100.425,,,,,,,916.253,1123.81,1686.44,1189.45,1582.41,,,,,
,,,91.3095,,99.769,64.0425,,64.0425,,67.3805,,,,158.476,,,66.1776,,160.372,,,,,,,,,,,,,,,,,105.57,,100.425,,,,,,,916.252,1123.81,1686.44,1189.45,1582.41,,,,,
,,,91.3095,,99.769,,,,,67.3805,,,,158.476,,,64.0595,,160.372,,,,,,,,,,,,,,,,,105.57,,100.425,,,,,,,916.252,1123.81,1686.44,1189.45,1582.41,,,,,
,,,91.31,,99.769,,,,,67.3805,,,,158.476,,,,,160.372,,,,,,,,,,,,,,,,,98.601,,100.425,,,,,,,916.252,1123.81,1686.44,1189.45,1582.41,,,,,
,,,91.3095,,99.769,,,,,67.3805,,,,158.476,,,,,166.466,,,,,,,,,,,,,,,,,64.0425,,100.425,,,,,,,,,1686.44,1189.45,1582.41,,,,,
,,,91.3095,,99.769,,,,,67.3805,,,,158.476,,,,,64.0595,,,,,,,,,,,,,,,,,,,124.082,,,,,,,,,,,,,,,,
,,,91.3095,,99.7695,,,,,67.3805,,,,158.476,,,,,,,,,,,,,,,,,,,,,,,,64.0425,,,,,,,,,,,,,,,,
,,,78.7978,,99.769,,,,,64.099,,,,158.476,,,,,,,,,,,,,,,,,,,,,,,,,,,,,,,,,,,,,,,,
,,,64.0595,,69.1753,,,,,64.0387,,,,158.476,,,,,,,,,,,,,,,,,,,,,,,,,,,,,,,,,,,,,,,,
,,,,,64.0425,,,,,,,,,158.476,,,,,,,,,,,,,,,,,,,,,,,,,,,,,,,,,,,,,,,,
,,,,,64.0423,,,,,,,,,184.296,,,,,,,,,,,,,,,,,,,,,,,,,,,,,,,,,,,,,,,,
,,,,,,,,,,,,,,184.296,,,,,,,,,,,,,,,,,,,,,,,,,,,,,,,,,,,,,,,,
